id_animal,codani,finca,raza,sexo,fecha_nacimiento,peso_nacimiento,fecha_destete,peso_destete,id_madre,id_toro,estado,fecha_evento,costo_alimentacion_mensual
CR-00001,9707587591,La Libertad,Nelore,M,2024-02-14,30.0,2024-10-09,132.9,,TORO-05,Activo,,35255.0
CR-00002,4334137354,Nispero,Simmental,M,2024-09-03,33.6,2025-04-06,174.4,CR-00651,TORO-12,Activo,,29011.0
CR-00003,4636309516,La Libertad,Nelore,H,2023-08-09,22.0,2024-03-22,172.9,,TORO-07,Activo,,24694.0
CR-00004,4415176717,La Libertad,Brahman,H,2025-01-22,31.8,2025-09-09,227.2,CR-00129,TORO-12,Activo,,23603.0
CR-00005,8680325134,Miravalles,Angus,H,2024-03-02,30.7,2024-11-24,206.7,CR-00151,TORO-02,Activo,,19081.0
CR-00006,7948111888,ECOS,Jersey,H,2022-08-04,28.7,2023-03-21,164.6,CR-00288,TORO-02,Vendido,2025-01-13,31480.0
CR-00007,5079519248,Las Flores,Jersey,M,2025-04-04,36.3,2025-12-19,120.0,CR-00076,TORO-11,Activo,,28398.0
CR-00008,9185970194,Miravalles,Cruzado,M,2023-09-07,30.7,2024-04-16,199.0,CR-00382,TORO-09,Traslado,2025-09-13,30366.0
CR-00009,4657481752,Las Flores,Brahman,H,2022-05-31,31.3,2023-01-16,144.6,CR-00149,TORO-03,Activo,,21461.0
CR-00010,6920769565,Miravalles,Cruzado,M,2024-08-03,30.5,2025-04-14,260.0,CR-00782,TORO-11,Activo,,43158.0
CR-00011,7526649887,ECOS,Cruzado,H,2022-06-23,24.3,2023-02-09,169.4,CR-00272,TORO-02,Vendido,2022-09-01,34158.0
CR-00012,3560867876,ECOS,Simmental,M,2023-05-14,27.5,2023-12-12,188.6,CR-00237,TORO-09,Activo,,41988.0
CR-00013,4934367269,La Libertad,Brahman,H,2024-05-05,35.8,2025-01-28,179.2,,TORO-03,Activo,,18278.0
CR-00014,8082319397,Nispero,Jersey,H,2022-09-12,23.6,2023-05-12,191.4,,TORO-01,Vendido,2022-11-19,33686.0
CR-00015,1443287079,Las Flores,Nelore,M,2025-07-07,28.9,2026-04-03,178.0,,TORO-10,Activo,,40484.0
CR-00016,1702975537,Las Flores,Brahman,M,2025-08-05,30.4,2026-03-17,219.8,CR-00520,TORO-11,Activo,,24928.0
CR-00017,3854250035,Las Flores,Angus,H,2024-07-30,39.0,2025-04-02,144.0,CR-00599,TORO-02,Vendido,2026-02-02,20854.0
CR-00018,7826675768,Miravalles,Nelore,M,2024-03-16,35.1,2024-10-27,185.0,,TORO-02,Activo,,22951.0
CR-00019,6256881720,ECOS,Brahman,H,2024-11-30,29.8,2025-07-26,147.5,CR-00657,TORO-08,Vendido,2025-12-04,23188.0
CR-00020,2335950909,La Libertad,Angus,H,2025-07-25,37.2,2026-03-08,120.0,CR-00081,TORO-01,Vendido,2026-06-30,28416.0
CR-00021,6756069441,Miravalles,Nelore,H,2023-09-20,29.0,2024-05-13,238.3,,TORO-09,Activo,,24779.0
CR-00022,6151874626,La Libertad,Jersey,M,2022-11-18,36.0,2023-08-15,179.0,CR-00550,TORO-11,Activo,,23138.0
CR-00023,2077053002,Nispero,Brahman,H,2024-12-04,26.6,2025-08-26,168.1,,TORO-10,Activo,,34455.0
CR-00024,6842341451,ECOS,Simmental,M,2024-09-01,36.3,2025-05-07,140.2,,TORO-03,Vendido,2026-06-30,16591.0
CR-00025,1374527564,La Libertad,Jersey,H,2022-10-15,30.4,2023-06-27,170.4,CR-00389,TORO-03,Activo,,25211.0
CR-00026,7459842124,Las Flores,Cruzado,H,2024-06-21,27.9,2025-01-23,205.5,CR-00387,TORO-09,Traslado,2026-03-06,35693.0
CR-00027,6312882257,ECOS,Jersey,M,2022-09-27,31.1,2023-06-10,157.5,CR-00785,TORO-01,Activo,,20275.0
CR-00028,5506670675,Nispero,Angus,M,2025-04-28,33.1,2025-12-24,150.1,,TORO-07,Vendido,2025-08-07,21628.0
CR-00029,2816038996,Miravalles,Cruzado,M,2023-09-17,30.0,2024-06-09,206.1,CR-00813,TORO-06,Activo,,21020.0
CR-00030,6145552471,Nispero,Jersey,H,2022-02-01,34.2,2022-09-30,217.3,CR-00211,TORO-09,Activo,,15028.0
CR-00031,3436828761,ECOS,Angus,M,2022-11-30,29.7,2023-07-12,161.4,CR-00059,TORO-03,Activo,,29213.0
CR-00032,8218232922,La Libertad,Nelore,M,2023-03-31,34.5,2023-11-08,173.3,CR-00224,TORO-10,Activo,,16169.0
CR-00033,3928084574,ECOS,Simmental,H,2023-08-28,33.8,2024-03-28,209.8,CR-00154,TORO-09,Traslado,2024-05-12,23188.0
CR-00034,4578203744,Miravalles,Nelore,H,2022-01-05,31.8,2022-09-11,199.3,CR-00211,TORO-03,Activo,,44844.0
CR-00035,1892018274,Miravalles,Angus,H,2023-02-26,30.2,2023-10-06,188.2,CR-00171,TORO-05,Activo,,42552.0
CR-00036,8600309859,Miravalles,Jersey,H,2022-12-27,32.6,2023-08-25,252.6,CR-00595,TORO-01,Activo,,21452.0
CR-00037,9423458404,Miravalles,Jersey,H,2023-11-01,34.2,2024-07-11,208.6,CR-00286,TORO-06,Activo,,24300.0
CR-00038,8218538082,Nispero,Nelore,H,2023-03-23,40.2,2023-10-29,166.1,CR-00306,TORO-04,Muerto,2024-09-27,28911.0
CR-00039,8192921700,Nispero,Cruzado,M,2023-02-17,35.8,,,CR-00211,TORO-02,Muerto,2023-07-04,40332.0
CR-00040,8868829287,Nispero,Nelore,H,2023-10-25,35.9,,,CR-00059,TORO-07,Muerto,2024-10-19,39079.0
CR-00041,6361423972,Las Flores,Cruzado,H,2022-12-28,44.4,2023-08-07,205.9,,TORO-07,Activo,,18787.0
CR-00042,6906421353,Miravalles,Simmental,H,2022-03-03,34.1,,,CR-00128,TORO-02,Activo,,18733.0
CR-00043,9736282219,La Libertad,Nelore,H,2022-08-31,33.9,2023-05-04,169.9,CR-00824,TORO-03,Vendido,2023-08-12,27502.0
CR-00044,2694897773,La Libertad,Brahman,H,2024-04-13,34.8,2024-11-10,145.9,CR-00477,TORO-01,Activo,,41103.0
CR-00045,2705242231,Miravalles,Simmental,M,2025-09-29,28.0,2026-05-16,207.0,CR-00462,TORO-09,Vendido,2026-06-30,41463.0
CR-00046,6957248632,La Libertad,Angus,H,2025-06-02,30.2,2026-01-10,213.8,CR-00300,TORO-05,Activo,,18221.0
CR-00047,2066307194,Nispero,Angus,H,2024-02-15,30.0,2024-10-20,149.4,CR-00365,TORO-01,Activo,,32229.0
CR-00048,3343136890,Las Flores,Angus,M,2024-04-28,34.6,2024-12-01,187.2,,TORO-03,Muerto,2026-06-30,19670.0
CR-00049,9539721340,Las Flores,Jersey,H,2023-07-16,31.3,2024-02-23,201.6,CR-00569,TORO-12,Activo,,35584.0
CR-00050,2398974076,ECOS,Brahman,M,2024-10-19,32.6,2025-07-13,186.6,CR-00443,TORO-04,Traslado,2026-01-06,42493.0
CR-00051,1223735422,La Libertad,Cruzado,H,2024-01-08,36.3,2024-08-24,177.4,CR-00743,TORO-09,Activo,,28643.0
CR-00052,1947502718,La Libertad,Jersey,H,2025-12-16,35.5,,,CR-00642,TORO-06,Activo,,17492.0
CR-00053,3861919872,La Libertad,Brahman,M,2025-08-26,31.4,2026-04-30,191.3,,TORO-03,Activo,,32378.0
CR-00054,8668139651,Las Flores,Simmental,M,2023-11-16,29.3,2024-07-15,160.5,CR-00398,TORO-04,Activo,,27256.0
CR-00055,1401841800,La Libertad,Simmental,H,2024-12-06,36.5,,,CR-00691,TORO-01,Activo,,39327.0
CR-00056,5407297676,Miravalles,Nelore,M,2025-02-26,35.1,,,CR-00244,TORO-09,Activo,,25210.0
CR-00057,7142459535,Las Flores,Cruzado,H,2023-02-04,25.6,2023-09-26,177.6,CR-00140,TORO-05,Vendido,2023-09-08,41247.0
CR-00058,9668901011,Las Flores,Nelore,M,2025-10-11,30.7,2026-06-03,120.0,CR-00560,TORO-06,Muerto,2026-06-30,23211.0
CR-00059,1381154964,ECOS,Nelore,H,2022-03-10,32.7,2022-11-06,176.3,CR-00529,TORO-02,Activo,,19726.0
CR-00060,4256313494,La Libertad,Nelore,H,2025-02-24,35.1,2025-10-28,199.3,CR-00299,TORO-10,Activo,,24194.0
CR-00061,8010967191,Miravalles,Cruzado,H,2024-06-20,35.6,2025-01-30,143.3,CR-00500,TORO-03,Activo,,16047.0
CR-00062,4465805464,La Libertad,Simmental,M,2022-11-30,33.1,2023-08-05,195.7,,TORO-07,Vendido,2024-05-05,23437.0
CR-00063,3146975385,Miravalles,Nelore,H,2024-10-18,34.3,2025-07-06,216.5,CR-00529,TORO-11,Activo,,34804.0
CR-00064,8680102040,Miravalles,Jersey,M,2022-07-09,32.3,2023-03-07,179.3,CR-00801,TORO-09,Activo,,19268.0
CR-00065,2243848344,La Libertad,Cruzado,M,2024-03-12,29.3,2024-11-05,151.3,CR-00036,TORO-08,Activo,,18341.0
CR-00066,1825489052,Las Flores,Jersey,M,2024-05-03,31.0,2025-01-24,183.1,CR-00051,TORO-11,Activo,,18972.0
CR-00067,3288371353,ECOS,Cruzado,H,2024-09-08,32.1,2025-05-05,145.6,CR-00423,TORO-03,Activo,,17327.0
CR-00068,2628339870,ECOS,Nelore,H,2025-02-27,31.9,2025-10-01,183.4,CR-00535,TORO-12,Activo,,41239.0
CR-00069,1268512930,Nispero,Cruzado,M,2022-07-11,24.5,2023-04-03,222.1,CR-00236,TORO-07,Traslado,2024-04-25,43323.0
CR-00070,4783435943,Las Flores,Angus,M,2023-01-05,30.4,2023-08-16,172.9,CR-00410,TORO-05,Activo,,16397.0
CR-00071,8654803112,La Libertad,Angus,H,2023-04-29,32.2,2023-12-19,239.9,CR-00462,TORO-04,Activo,,37802.0
CR-00072,6782349483,Las Flores,Nelore,M,2022-04-01,30.9,2022-12-19,169.6,CR-00792,TORO-09,Activo,,37115.0
CR-00073,3502198959,ECOS,Jersey,M,2023-09-06,31.0,2024-05-19,197.0,,TORO-12,Activo,,44907.0
CR-00074,8764881073,Nispero,Simmental,H,2023-11-30,34.0,,,,TORO-09,Activo,,25436.0
CR-00075,9728336050,Miravalles,Nelore,M,2023-02-23,27.7,,,CR-00339,TORO-01,Activo,,23565.0
CR-00076,2799173822,Miravalles,Nelore,H,2023-10-19,25.5,2024-07-15,224.5,CR-00510,TORO-06,Activo,,28592.0
CR-00077,8746471614,Nispero,Angus,H,2025-08-28,30.6,2026-04-10,173.1,CR-00234,TORO-09,Vendido,2026-06-30,40697.0
CR-00078,5999155391,Miravalles,Simmental,M,2023-12-20,35.1,2024-09-15,237.3,CR-00305,TORO-05,Activo,,36858.0
CR-00079,4487305411,La Libertad,Nelore,M,2025-11-29,38.8,,,CR-00142,TORO-10,Muerto,2026-06-30,29149.0
CR-00080,8789108932,Miravalles,Simmental,H,2023-02-06,35.1,2023-10-28,192.9,CR-00129,TORO-09,Activo,,22337.0
CR-00081,3593400527,Miravalles,Nelore,H,2023-09-29,26.1,,,CR-00006,TORO-01,Activo,,36810.0
CR-00082,6831536339,La Libertad,Angus,H,2024-08-04,31.1,2025-05-01,163.9,CR-00247,TORO-07,Traslado,2025-04-12,40636.0
CR-00083,3628533972,Nispero,Jersey,M,2023-02-11,33.0,2023-10-30,218.2,CR-00637,TORO-03,Vendido,2023-12-13,26999.0
CR-00084,3392829653,La Libertad,Nelore,H,2023-04-04,32.7,,,CR-00011,TORO-06,Activo,,35058.0
CR-00085,4706298069,Nispero,Brahman,H,2024-12-05,34.2,2025-07-29,126.4,CR-00237,TORO-05,Muerto,2026-06-30,27006.0
CR-00086,2142189779,Nispero,Nelore,M,2022-07-18,28.3,2023-03-26,134.1,CR-00059,TORO-10,Activo,,29355.0
CR-00087,7996643544,La Libertad,Simmental,H,2023-05-04,32.3,2024-01-24,177.9,CR-00479,TORO-11,Activo,,30747.0
CR-00088,2186399960,Las Flores,Brahman,H,2024-04-27,33.7,,,,TORO-06,Muerto,2026-06-30,38272.0
CR-00089,5397256408,Las Flores,Angus,M,2023-11-02,35.3,2024-06-14,150.4,CR-00042,TORO-07,Vendido,2025-09-30,44325.0
CR-00090,1498558682,Nispero,Brahman,M,2025-04-14,28.8,2025-11-12,185.6,,TORO-08,Activo,,28331.0
CR-00091,5267194075,Las Flores,Simmental,H,2023-02-27,30.6,,,,TORO-08,Activo,,25269.0
CR-00092,6059536603,ECOS,Cruzado,M,2025-07-29,22.0,2026-03-08,191.5,CR-00247,TORO-08,Activo,,26208.0
CR-00093,2354086104,La Libertad,Jersey,M,2024-12-29,29.5,2025-09-10,239.1,CR-00745,TORO-10,Activo,,19017.0
CR-00094,6102440157,Las Flores,Nelore,M,2025-03-08,29.9,2025-11-12,174.3,CR-00025,TORO-12,Traslado,2026-06-30,23908.0
CR-00095,7486263520,Miravalles,Jersey,H,2025-04-04,27.9,2025-11-14,242.4,CR-00756,TORO-10,Activo,,17593.0
CR-00096,3594952935,Las Flores,Angus,M,2022-06-21,32.7,2023-02-13,212.3,CR-00272,TORO-02,Activo,,27837.0
CR-00097,8213336297,Las Flores,Cruzado,H,2024-03-14,31.8,2024-10-21,172.2,CR-00702,TORO-06,Activo,,20021.0
CR-00098,2737373417,ECOS,Simmental,H,2022-08-26,23.0,2023-04-11,164.3,CR-00009,TORO-06,Activo,,25392.0
CR-00099,5405518058,ECOS,Cruzado,H,2025-04-03,32.9,2025-11-24,149.9,CR-00314,TORO-07,Activo,,38807.0
CR-00100,7297364204,Nispero,Cruzado,H,2024-02-16,28.3,,,CR-00625,TORO-07,Traslado,2026-06-30,22378.0
CR-00101,6983657709,Nispero,Simmental,M,2023-04-06,33.9,2023-11-29,238.6,CR-00274,TORO-09,Vendido,2024-07-05,33357.0
CR-00102,2382520556,Nispero,Angus,M,2025-12-06,26.9,,,CR-00650,TORO-06,Vendido,2026-06-30,42035.0
CR-00103,9085298926,Nispero,Simmental,M,2022-12-08,32.1,2023-07-22,121.8,,TORO-04,Activo,,32008.0
CR-00104,2947201257,La Libertad,Cruzado,H,2024-07-04,30.9,2025-03-25,186.7,CR-00309,TORO-06,Activo,,20814.0
CR-00105,6498887923,ECOS,Jersey,H,2024-05-26,33.2,2024-12-26,153.2,CR-00417,TORO-11,Activo,,25343.0
CR-00106,3093129464,Nispero,Jersey,M,2022-10-27,32.5,2023-07-15,139.9,CR-00697,TORO-04,Activo,,32711.0
CR-00107,2451446011,ECOS,Angus,H,2024-03-12,31.0,2024-10-25,224.6,CR-00659,TORO-01,Activo,,30198.0
CR-00108,3865592060,Nispero,Simmental,H,2025-08-27,25.9,2026-05-20,187.6,,TORO-12,Vendido,2026-06-30,19459.0
CR-00109,7302385918,La Libertad,Brahman,M,2022-09-06,26.1,,,,TORO-03,Muerto,2022-11-24,28404.0
CR-00110,5126932736,ECOS,Cruzado,M,2024-09-16,29.7,,,CR-00658,TORO-08,Activo,,31292.0
CR-00111,9722587396,Nispero,Jersey,M,2023-03-21,32.0,2023-12-08,232.4,CR-00288,TORO-10,Activo,,23020.0
CR-00112,5223942407,ECOS,Brahman,M,2024-09-19,29.6,2025-05-14,142.0,CR-00628,TORO-04,Vendido,2025-01-21,33373.0
CR-00113,8193202448,Miravalles,Simmental,M,2022-08-12,34.5,2023-04-15,240.5,CR-00697,TORO-05,Activo,,17105.0
CR-00114,2751748370,La Libertad,Jersey,H,2025-11-16,30.9,,,CR-00043,TORO-04,Traslado,2026-06-30,25098.0
CR-00115,2210969875,Nispero,Jersey,H,2025-03-05,28.1,2025-10-31,169.6,CR-00284,TORO-02,Activo,,39128.0
CR-00116,2315559197,ECOS,Nelore,H,2022-08-12,30.9,2023-03-11,172.5,CR-00149,TORO-02,Activo,,22779.0
CR-00117,9902197024,ECOS,Brahman,M,2023-10-30,32.9,2024-06-28,160.5,CR-00003,TORO-03,Activo,,33155.0
CR-00118,4676757793,Las Flores,Jersey,H,2024-04-11,33.3,2024-12-15,182.2,CR-00743,TORO-06,Traslado,2024-11-10,27301.0
CR-00119,3402780967,La Libertad,Jersey,M,2024-09-29,39.5,2025-04-27,129.1,CR-00009,TORO-07,Activo,,24494.0
CR-00120,4065317160,Las Flores,Simmental,M,2023-02-06,29.3,2023-10-11,175.7,CR-00122,TORO-01,Vendido,2025-06-20,42484.0
CR-00121,3578016041,Miravalles,Jersey,H,2022-09-20,31.7,2023-06-02,205.1,CR-00263,TORO-11,Activo,,25298.0
CR-00122,6344474932,Nispero,Brahman,H,2022-08-10,33.7,,,,TORO-09,Activo,,22100.0
CR-00123,3742341433,Nispero,Simmental,M,2025-03-12,31.9,,,CR-00005,TORO-01,Muerto,2025-04-18,42279.0
CR-00124,4007170364,Las Flores,Brahman,M,2024-01-25,30.0,2024-10-02,224.6,,TORO-11,Activo,,37378.0
CR-00125,5328193854,Nispero,Jersey,H,2025-09-30,25.8,2026-05-13,141.0,CR-00323,TORO-01,Activo,,35454.0
CR-00126,2026936640,Miravalles,Cruzado,H,2024-03-29,30.0,2024-12-11,245.3,CR-00550,TORO-07,Activo,,16486.0
CR-00127,5447274818,ECOS,Jersey,M,2025-07-01,27.7,2026-02-20,185.9,CR-00493,TORO-06,Muerto,2026-05-18,18936.0
CR-00128,3652796738,Las Flores,Simmental,H,2022-01-23,25.1,,,CR-00211,TORO-07,Activo,,34150.0
CR-00129,3030335813,Las Flores,Brahman,H,2022-12-18,28.8,,,CR-00261,TORO-12,Activo,,21283.0
CR-00130,8979018059,ECOS,Brahman,M,2025-07-20,27.8,2026-03-10,207.0,CR-00240,TORO-12,Traslado,2025-10-21,21769.0
CR-00131,9780601164,Las Flores,Nelore,H,2025-12-07,34.3,,,CR-00241,TORO-04,Vendido,2026-05-08,38374.0
CR-00132,1204408658,Las Flores,Cruzado,H,2023-02-28,34.4,2023-11-17,198.3,CR-00799,TORO-07,Muerto,2024-09-02,23578.0
CR-00133,2493161810,Nispero,Brahman,H,2023-03-17,28.4,2023-10-13,172.3,CR-00497,TORO-12,Vendido,2023-12-23,17148.0
CR-00134,5818913108,ECOS,Jersey,M,2024-08-11,31.0,,,,TORO-09,Vendido,2025-09-03,16093.0
CR-00135,7174867285,ECOS,Angus,M,2023-08-09,24.6,2024-04-06,179.8,CR-00793,TORO-11,Activo,,28295.0
CR-00136,9598144853,ECOS,Nelore,H,2022-10-16,30.0,2023-05-25,204.0,,TORO-06,Activo,,33514.0
CR-00137,9836253527,Las Flores,Angus,H,2025-12-05,33.6,,,CR-00203,TORO-04,Vendido,2026-06-30,41067.0
CR-00138,9952315740,ECOS,Nelore,M,2023-10-27,35.3,2024-06-08,160.1,CR-00274,TORO-07,Vendido,2025-10-26,18324.0
CR-00139,5509402975,Miravalles,Nelore,H,2024-02-21,29.1,,,CR-00280,TORO-10,Traslado,2024-03-04,20900.0
CR-00140,5156895072,Nispero,Brahman,H,2022-04-23,36.2,2023-01-18,202.1,CR-00128,TORO-12,Activo,,30894.0
CR-00141,1574355304,La Libertad,Simmental,M,2022-11-30,25.9,2023-08-06,206.1,CR-00178,TORO-09,Activo,,25923.0
CR-00142,4245916010,La Libertad,Cruzado,H,2024-07-19,27.0,2025-03-23,179.3,CR-00567,TORO-09,Activo,,29476.0
CR-00143,9925970283,Las Flores,Jersey,M,2023-11-13,34.8,2024-06-13,200.2,CR-00472,TORO-07,Activo,,42724.0
CR-00144,1277360511,Miravalles,Angus,M,2024-07-25,38.7,2025-03-21,251.7,,TORO-04,Activo,,31347.0
CR-00145,6351108480,ECOS,Jersey,M,2022-01-19,34.0,2022-08-20,184.9,,TORO-06,Vendido,2022-05-17,27454.0
CR-00146,3362144643,Nispero,Jersey,M,2025-06-22,31.8,2026-02-10,122.8,CR-00525,TORO-06,Activo,,44683.0
CR-00147,4449878404,Nispero,Jersey,H,2024-10-28,23.2,2025-07-09,120.0,CR-00510,TORO-10,Activo,,16956.0
CR-00148,1040501124,ECOS,Nelore,M,2025-08-28,23.9,,,,TORO-07,Activo,,42963.0
CR-00149,6684979592,Nispero,Jersey,H,2022-02-18,32.5,,,CR-00154,TORO-10,Vendido,2023-09-10,30050.0
CR-00150,1763373450,Nispero,Simmental,M,2023-03-18,30.6,2023-12-08,164.8,,TORO-01,Muerto,2025-07-11,30113.0
CR-00151,3642343819,La Libertad,Brahman,H,2023-11-08,27.6,2024-07-13,160.2,CR-00037,TORO-10,Activo,,42659.0
CR-00152,5977934221,Nispero,Angus,M,2024-12-24,32.3,2025-08-31,174.2,,TORO-07,Activo,,30220.0
CR-00153,3671888271,Miravalles,Cruzado,H,2023-10-02,32.5,2024-06-15,238.3,CR-00132,TORO-12,Activo,,28152.0
CR-00154,8428595600,La Libertad,Brahman,H,2022-02-05,35.8,2022-10-31,144.2,CR-00722,TORO-06,Activo,,23175.0
CR-00155,3753609617,Miravalles,Nelore,H,2023-08-15,32.5,2024-03-31,148.8,CR-00267,TORO-06,Activo,,34765.0
CR-00156,5543123346,ECOS,Cruzado,M,2023-10-30,36.9,,,CR-00773,TORO-02,Muerto,2024-03-08,32089.0
CR-00157,1500111252,Miravalles,Brahman,M,2023-08-22,32.0,2024-05-16,245.5,CR-00438,TORO-10,Muerto,2025-05-30,21430.0
CR-00158,7386204565,La Libertad,Nelore,M,2022-08-05,31.5,2023-04-01,260.0,CR-00272,TORO-09,Activo,,36282.0
CR-00159,8349118870,Miravalles,Angus,M,2023-06-20,36.3,2024-02-23,237.2,CR-00479,TORO-11,Activo,,34323.0
CR-00160,8809650583,Nispero,Simmental,M,2024-03-30,28.1,2024-11-26,178.2,CR-00472,TORO-02,Activo,,26920.0
CR-00161,6407563671,Miravalles,Angus,H,2023-04-13,43.3,2024-01-08,188.4,CR-00584,TORO-03,Activo,,15132.0
CR-00162,3718644119,Las Flores,Jersey,M,2023-09-30,33.5,2024-06-20,192.4,,TORO-11,Activo,,28397.0
CR-00163,9988690330,ECOS,Brahman,M,2024-01-26,33.5,2024-10-16,136.3,CR-00733,TORO-01,Vendido,2024-06-10,15182.0
CR-00164,2206851488,Las Flores,Jersey,M,2024-01-31,34.1,2024-09-16,192.4,CR-00608,TORO-07,Activo,,17250.0
CR-00165,1969668513,ECOS,Cruzado,H,2023-05-25,39.5,2024-01-11,202.6,CR-00754,TORO-05,Vendido,2024-04-13,27918.0
CR-00166,5725794726,Miravalles,Jersey,H,2024-10-10,35.2,2025-06-11,226.3,CR-00247,TORO-12,Activo,,17458.0
CR-00167,8468107688,Nispero,Jersey,H,2025-08-28,25.6,2026-05-19,202.6,CR-00132,TORO-11,Vendido,2026-02-25,23270.0
CR-00168,2113784232,Nispero,Angus,M,2024-08-03,37.6,2025-03-18,120.0,CR-00178,TORO-11,Vendido,2024-09-04,34665.0
CR-00169,1957775786,Las Flores,Jersey,M,2025-07-14,30.6,2026-03-15,214.6,CR-00559,TORO-04,Activo,,24258.0
CR-00170,6118670763,Las Flores,Simmental,H,2024-02-10,32.4,2024-10-10,136.5,CR-00754,TORO-08,Activo,,44929.0
CR-00171,8957311402,ECOS,Jersey,H,2022-05-02,26.9,,,CR-00149,TORO-09,Muerto,2022-07-04,42489.0
CR-00172,8536441261,Miravalles,Jersey,M,2023-01-30,34.1,2023-09-23,198.5,CR-00659,TORO-12,Activo,,32559.0
CR-00173,1194508718,Miravalles,Simmental,M,2024-10-04,29.4,2025-05-12,227.5,CR-00793,TORO-01,Activo,,44008.0
CR-00174,9991942574,La Libertad,Nelore,M,2025-10-02,32.4,2026-06-06,164.0,CR-00644,TORO-12,Activo,,41041.0
CR-00175,9973311920,La Libertad,Brahman,H,2024-04-04,30.9,2024-12-22,176.1,CR-00139,TORO-05,Activo,,24567.0
CR-00176,7917648305,Las Flores,Brahman,M,2022-04-17,39.7,2023-01-03,151.3,,TORO-02,Vendido,2023-04-03,37488.0
CR-00177,6310683058,Las Flores,Nelore,H,2024-04-26,39.9,2024-12-13,172.3,CR-00423,TORO-08,Activo,,19105.0
CR-00178,1438286250,Las Flores,Cruzado,H,2022-11-21,32.2,2023-07-16,160.3,CR-00006,TORO-10,Activo,,35537.0
CR-00179,4132282810,ECOS,Simmental,H,2024-06-27,32.3,,,CR-00105,TORO-02,Activo,,29732.0
CR-00180,3811299772,ECOS,Nelore,H,2024-10-05,30.5,2025-05-28,166.4,CR-00247,TORO-01,Vendido,2025-07-30,15505.0
CR-00181,9816136125,Nispero,Angus,M,2024-06-13,36.4,2025-01-25,122.8,,TORO-11,Vendido,2025-02-01,23227.0
CR-00182,8464857533,Las Flores,Simmental,H,2025-09-12,30.7,2026-05-13,217.8,CR-00432,TORO-12,Activo,,43661.0
CR-00183,7614038460,ECOS,Simmental,M,2024-07-12,30.3,2025-03-12,215.1,CR-00383,TORO-02,Activo,,24475.0
CR-00184,7248361920,ECOS,Jersey,M,2024-04-11,35.9,2024-11-15,142.7,CR-00097,TORO-11,Activo,,20444.0
CR-00185,5261404609,Miravalles,Cruzado,M,2024-11-16,29.8,2025-06-14,245.6,CR-00798,TORO-11,Activo,,20626.0
CR-00186,6529417664,Nispero,Simmental,M,2025-09-16,31.8,2026-04-22,161.3,CR-00523,TORO-12,Activo,,29376.0
CR-00187,7147440579,Las Flores,Jersey,M,2025-10-08,25.7,,,,TORO-03,Activo,,40279.0
CR-00188,1096548804,Las Flores,Nelore,M,2022-12-13,34.8,,,CR-00272,TORO-07,Activo,,37740.0
CR-00189,5343152577,La Libertad,Jersey,M,2024-04-01,39.8,,,,TORO-12,Vendido,2025-02-27,28106.0
CR-00190,3845927366,La Libertad,Nelore,M,2022-02-03,34.9,2022-09-06,120.0,CR-00261,TORO-11,Activo,,21262.0
CR-00191,9347144126,Nispero,Brahman,M,2025-08-01,37.8,2026-03-10,187.5,CR-00672,TORO-08,Vendido,2026-06-30,16382.0
CR-00192,6320294344,Miravalles,Nelore,M,2024-04-29,28.6,2024-11-26,197.0,CR-00520,TORO-03,Activo,,28879.0
CR-00193,4772028873,Nispero,Brahman,H,2023-06-09,32.9,2024-02-25,155.6,CR-00731,TORO-02,Activo,,39443.0
CR-00194,5644790211,Miravalles,Brahman,M,2022-03-27,28.2,2022-10-27,219.5,,TORO-04,Activo,,36890.0
CR-00195,8570833355,Las Flores,Jersey,M,2023-05-26,31.1,,,CR-00426,TORO-01,Vendido,2025-08-12,27258.0
CR-00196,5982214605,ECOS,Cruzado,M,2024-05-23,35.1,2025-01-24,164.3,CR-00372,TORO-03,Vendido,2025-01-04,32841.0
CR-00197,4941136334,La Libertad,Angus,M,2022-05-08,32.4,2023-01-28,172.7,CR-00529,TORO-01,Activo,,28087.0
CR-00198,1599029712,ECOS,Jersey,H,2022-09-28,26.3,2023-06-15,206.5,CR-00011,TORO-10,Vendido,2022-10-29,32370.0
CR-00199,8652468689,La Libertad,Brahman,H,2025-08-05,26.7,2026-03-05,183.7,CR-00602,TORO-08,Activo,,30525.0
CR-00200,6406605269,ECOS,Angus,H,2024-06-22,26.5,2025-02-08,139.7,,TORO-07,Activo,,35429.0
CR-00201,8912800218,Nispero,Cruzado,H,2022-02-11,34.0,2022-10-11,193.7,,TORO-10,Activo,,30231.0
CR-00202,9625862628,La Libertad,Angus,M,2023-07-28,40.3,2024-03-17,120.0,CR-00595,TORO-05,Activo,,43218.0
CR-00203,2030770661,Miravalles,Cruzado,H,2025-03-05,37.4,2025-10-17,209.9,,TORO-05,Activo,,27841.0
CR-00204,7438664166,Las Flores,Jersey,M,2024-04-24,24.4,2024-12-07,182.4,,TORO-03,Muerto,2025-04-08,15477.0
CR-00205,2541621736,ECOS,Brahman,H,2024-05-31,37.7,2024-12-30,213.1,CR-00510,TORO-06,Activo,,22091.0
CR-00206,7990911466,Nispero,Brahman,M,2023-02-21,35.7,2023-11-01,142.3,CR-00296,TORO-03,Activo,,30018.0
CR-00207,1789381107,Miravalles,Jersey,H,2023-05-23,25.8,2024-02-03,260.0,,TORO-08,Activo,,31217.0
CR-00208,2388605428,La Libertad,Simmental,M,2022-04-08,30.8,2022-12-14,173.6,CR-00550,TORO-12,Activo,,31572.0
CR-00209,6677490163,ECOS,Simmental,H,2024-11-07,36.4,2025-07-10,172.5,CR-00136,TORO-07,Activo,,36437.0
CR-00210,5575174646,Nispero,Nelore,M,2022-11-10,34.2,2023-06-19,185.2,,TORO-04,Muerto,2025-04-08,23239.0
CR-00211,2042710519,Nispero,Nelore,H,2022-01-02,26.8,2022-08-24,134.9,,TORO-09,Vendido,2023-03-22,34947.0
CR-00212,2077602296,ECOS,Cruzado,H,2024-08-08,34.4,2025-03-07,170.4,CR-00479,TORO-10,Activo,,36121.0
CR-00213,5239865855,Miravalles,Simmental,H,2025-08-22,23.4,2026-03-25,229.0,,TORO-06,Vendido,2026-06-30,27338.0
CR-00214,2262241800,La Libertad,Brahman,M,2024-05-18,31.1,2025-02-09,169.8,CR-00498,TORO-04,Activo,,27065.0
CR-00215,4299475464,ECOS,Simmental,M,2024-06-20,36.6,2025-01-20,162.2,CR-00758,TORO-09,Activo,,20368.0
CR-00216,9237688842,La Libertad,Cruzado,H,2024-10-16,32.1,2025-06-03,153.4,CR-00178,TORO-03,Activo,,27420.0
CR-00217,4362527246,Las Flores,Brahman,M,2023-05-18,30.0,2024-01-18,130.2,CR-00405,TORO-12,Activo,,38604.0
CR-00218,9247132175,ECOS,Nelore,M,2023-01-24,35.6,2023-09-02,165.8,,TORO-04,Activo,,42269.0
CR-00219,7531440654,Las Flores,Cruzado,M,2024-05-16,35.9,2025-02-07,192.7,CR-00372,TORO-05,Vendido,2026-06-30,32808.0
CR-00220,8156033550,ECOS,Simmental,M,2023-04-03,37.2,2023-11-21,173.5,CR-00057,TORO-09,Activo,,23981.0
CR-00221,8801212944,Nispero,Brahman,M,2024-05-20,35.5,2025-01-29,234.0,CR-00620,TORO-01,Muerto,2025-10-09,35469.0
CR-00222,1159019028,Miravalles,Brahman,M,2025-03-25,36.3,2025-11-25,205.1,CR-00316,TORO-03,Vendido,2026-06-30,37204.0
CR-00223,3093766677,La Libertad,Simmental,H,2025-02-24,34.9,2025-10-08,164.4,,TORO-02,Muerto,2026-06-30,24966.0
CR-00224,9350158871,ECOS,Nelore,H,2022-12-26,33.1,,,CR-00390,TORO-05,Activo,,39796.0
CR-00225,2124313113,Miravalles,Jersey,M,2023-02-17,32.4,2023-10-06,202.8,,TORO-07,Muerto,2024-02-19,17211.0
CR-00226,8143139355,Las Flores,Simmental,M,2022-09-15,31.1,2023-06-11,144.5,CR-00828,TORO-03,Activo,,15323.0
CR-00227,1332736544,Miravalles,Jersey,M,2023-09-19,27.2,2024-04-24,188.7,CR-00808,TORO-05,Activo,,18689.0
CR-00228,1394233892,La Libertad,Angus,H,2023-08-14,28.2,,,CR-00286,TORO-10,Activo,,19680.0
CR-00229,4949905957,Nispero,Nelore,M,2022-11-29,30.9,2023-07-01,191.4,CR-00296,TORO-12,Muerto,2023-10-07,41368.0
CR-00230,8326183461,Las Flores,Brahman,H,2024-01-02,33.0,2024-08-24,197.4,CR-00355,TORO-01,Activo,,27749.0
CR-00231,6710862384,Las Flores,Simmental,H,2024-04-20,37.8,2024-12-21,168.0,CR-00487,TORO-08,Activo,,23248.0
CR-00232,6880952881,La Libertad,Angus,H,2025-03-09,31.8,,,CR-00791,TORO-01,Vendido,2026-06-30,27872.0
CR-00233,9514220082,Nispero,Nelore,M,2022-07-30,36.0,2023-04-14,142.4,,TORO-07,Activo,,26845.0
CR-00234,8239526451,Nispero,Nelore,H,2022-08-20,36.3,,,CR-00211,TORO-11,Muerto,2023-03-25,24044.0
CR-00235,6003724852,Nispero,Angus,H,2023-11-24,31.1,2024-06-27,188.2,,TORO-10,Activo,,19137.0
CR-00236,1604500019,Nispero,Brahman,H,2022-05-19,34.4,,,CR-00154,TORO-03,Activo,,34677.0
CR-00237,7591721526,ECOS,Simmental,H,2023-03-28,31.0,2023-11-21,147.4,CR-00722,TORO-04,Activo,,19098.0
CR-00238,6546780729,ECOS,Jersey,H,2025-12-04,37.3,,,CR-00344,TORO-10,Activo,,38263.0
CR-00239,1223408186,Miravalles,Angus,M,2022-09-03,34.5,,,CR-00794,TORO-10,Activo,,21051.0
CR-00240,3594054209,ECOS,Nelore,H,2022-10-07,27.2,2023-06-15,156.4,CR-00828,TORO-04,Activo,,36941.0
CR-00241,5085071938,Miravalles,Angus,H,2024-06-11,32.6,2025-02-10,168.2,,TORO-01,Activo,,39168.0
CR-00242,1014946369,ECOS,Cruzado,M,2024-06-12,38.6,2025-01-29,180.0,CR-00320,TORO-06,Vendido,2024-10-10,18760.0
CR-00243,5200489033,La Libertad,Nelore,M,2024-05-22,31.3,2024-12-19,201.0,CR-00371,TORO-08,Muerto,2026-06-30,17602.0
CR-00244,4547131994,Nispero,Jersey,H,2023-10-01,33.8,,,CR-00178,TORO-06,Activo,,43487.0
CR-00245,4851128923,Las Flores,Angus,M,2025-03-18,34.2,,,,TORO-12,Activo,,28891.0
CR-00246,1467656798,Nispero,Brahman,M,2022-12-23,27.9,2023-08-19,151.5,CR-00785,TORO-10,Activo,,33907.0
CR-00247,2188925535,Las Flores,Simmental,H,2023-03-06,34.0,2023-11-15,166.9,CR-00355,TORO-10,Muerto,2024-03-04,15698.0
CR-00248,3110816353,Las Flores,Simmental,H,2024-06-17,26.4,2025-03-02,178.6,,TORO-01,Vendido,2026-06-30,23361.0
CR-00249,8448680547,Las Flores,Jersey,H,2025-04-25,29.5,2025-12-28,213.7,CR-00136,TORO-11,Activo,,30162.0
CR-00250,7797971555,Nispero,Jersey,M,2023-08-23,36.3,,,CR-00165,TORO-10,Activo,,41587.0
CR-00251,7404022374,Las Flores,Jersey,M,2024-09-06,33.4,2025-04-16,120.0,CR-00549,TORO-05,Muerto,2026-06-30,23143.0
CR-00252,2931262055,Miravalles,Simmental,H,2022-12-02,30.8,,,CR-00136,TORO-08,Muerto,2024-12-22,38256.0
CR-00253,3450174056,Las Flores,Nelore,H,2022-10-16,33.8,2023-07-09,128.2,CR-00059,TORO-10,Activo,,34866.0
CR-00254,4749486697,Nispero,Nelore,M,2022-04-01,31.8,2022-11-18,165.1,CR-00211,TORO-11,Muerto,2023-04-11,18458.0
CR-00255,6311758444,ECOS,Brahman,M,2024-03-16,32.1,2024-10-16,200.3,CR-00726,TORO-07,Activo,,23801.0
CR-00256,5206434413,Nispero,Nelore,M,2023-11-20,34.6,2024-07-16,205.2,,TORO-01,Activo,,22136.0
CR-00257,8031646318,ECOS,Nelore,H,2024-06-27,29.1,2025-03-24,138.9,CR-00625,TORO-08,Vendido,2026-06-26,28276.0
CR-00258,8708932212,ECOS,Brahman,M,2022-02-05,32.2,2022-10-07,224.4,,TORO-09,Activo,,34060.0
CR-00259,1917047415,Miravalles,Angus,H,2025-10-29,30.8,,,CR-00211,TORO-01,Activo,,28003.0
CR-00260,7372821121,ECOS,Simmental,M,2025-08-25,25.7,2026-05-16,189.9,CR-00462,TORO-10,Muerto,2026-06-30,22336.0
CR-00261,2300717699,Las Flores,Nelore,H,2022-01-10,28.3,,,,TORO-03,Muerto,2022-04-10,35876.0
CR-00262,4565498500,Miravalles,Jersey,M,2022-10-13,38.3,2023-05-21,228.9,,TORO-11,Activo,,32534.0
CR-00263,9820244615,Miravalles,Nelore,H,2022-08-10,33.5,2023-04-25,184.0,CR-00261,TORO-07,Activo,,30579.0
CR-00264,3280450184,ECOS,Jersey,H,2025-08-13,26.7,2026-03-21,194.7,CR-00171,TORO-04,Vendido,2026-03-09,31633.0
CR-00265,7714128522,ECOS,Simmental,M,2023-11-12,25.8,2024-06-11,232.1,CR-00087,TORO-01,Activo,,21657.0
CR-00266,4533154442,Nispero,Brahman,M,2024-06-30,31.6,2025-03-25,163.4,,TORO-01,Traslado,2026-06-30,35413.0
CR-00267,1324538508,Las Flores,Angus,H,2023-06-18,38.2,2024-01-16,169.4,,TORO-09,Vendido,2024-11-20,26625.0
CR-00268,4765600397,Miravalles,Cruzado,H,2024-08-13,31.3,2025-04-23,260.0,CR-00161,TORO-05,Activo,,25904.0
CR-00269,9256039052,Nispero,Simmental,H,2024-03-13,37.2,2024-10-24,133.0,CR-00460,TORO-11,Activo,,19492.0
CR-00270,3172348554,ECOS,Angus,H,2024-02-25,33.4,2024-10-09,180.9,CR-00261,TORO-03,Muerto,2025-11-27,32905.0
CR-00271,4297532048,Nispero,Simmental,H,2025-11-04,33.9,,,CR-00389,TORO-12,Traslado,2026-06-30,33080.0
CR-00272,4881943181,Miravalles,Jersey,H,2022-03-20,26.7,2022-11-29,184.9,,TORO-12,Activo,,25209.0
CR-00273,2295077522,ECOS,Nelore,M,2025-07-04,35.8,2026-03-30,226.7,,TORO-02,Activo,,40796.0
CR-00274,3798653589,Nispero,Brahman,H,2022-04-09,30.7,,,,TORO-08,Vendido,2023-10-01,40364.0
CR-00275,5127045782,ECOS,Angus,M,2024-03-25,35.5,2024-11-16,226.1,CR-00497,TORO-12,Activo,,18272.0
CR-00276,7948944022,ECOS,Jersey,M,2025-08-07,28.7,2026-04-17,146.8,,TORO-04,Activo,,35851.0
CR-00277,6703927957,Miravalles,Cruzado,M,2024-10-20,32.7,,,CR-00588,TORO-01,Muerto,2025-03-04,26815.0
CR-00278,9869861525,ECOS,Jersey,M,2024-06-10,33.4,2025-01-27,202.3,CR-00294,TORO-11,Vendido,2025-03-06,44991.0
CR-00279,4288406168,Nispero,Jersey,M,2023-02-20,31.4,,,,TORO-06,Muerto,2024-03-25,21751.0
CR-00280,1163444895,Miravalles,Brahman,H,2023-03-31,33.6,2023-11-09,193.0,,TORO-01,Vendido,2024-03-27,23416.0
CR-00281,3792913056,La Libertad,Angus,M,2023-03-02,30.9,2023-10-30,166.5,,TORO-11,Activo,,28263.0
CR-00282,5053473441,ECOS,Brahman,M,2024-11-19,29.4,2025-08-03,225.6,CR-00005,TORO-09,Muerto,2026-06-30,23061.0
CR-00283,1720443552,Las Flores,Brahman,M,2024-04-26,38.4,2024-12-09,176.3,,TORO-01,Activo,,35760.0
CR-00284,5614588578,Miravalles,Jersey,H,2023-05-17,36.2,2024-01-16,228.1,CR-00236,TORO-04,Activo,,29427.0
CR-00285,8043616941,Las Flores,Jersey,H,2023-01-26,29.0,2023-10-10,157.2,CR-00389,TORO-01,Muerto,2024-12-10,21626.0
CR-00286,4354321071,Las Flores,Brahman,H,2023-06-12,34.3,2024-03-06,190.5,CR-00569,TORO-12,Vendido,2023-07-30,30191.0
CR-00287,7253183159,Las Flores,Cruzado,M,2023-11-30,29.0,2024-07-16,147.8,CR-00389,TORO-01,Muerto,2026-05-15,41664.0
CR-00288,1760438969,La Libertad,Simmental,H,2022-05-30,27.3,,,CR-00571,TORO-10,Activo,,38772.0
CR-00289,3843361466,ECOS,Brahman,H,2025-08-26,36.1,,,,TORO-07,Traslado,2025-11-14,29965.0
CR-00290,6733664955,Miravalles,Jersey,M,2024-03-07,25.2,,,CR-00272,TORO-07,Activo,,23655.0
CR-00291,2356056764,Miravalles,Jersey,H,2022-02-22,35.7,2022-11-05,204.1,CR-00030,TORO-10,Vendido,2022-03-08,20397.0
CR-00292,5445917373,ECOS,Simmental,M,2024-09-24,31.0,2025-05-01,211.8,CR-00423,TORO-11,Muerto,2026-06-30,41351.0
CR-00293,1322584762,Miravalles,Cruzado,H,2025-01-24,31.2,2025-10-12,243.2,CR-00796,TORO-02,Activo,,36305.0
CR-00294,7749851841,Miravalles,Nelore,H,2023-06-13,33.6,2024-02-23,196.0,CR-00626,TORO-01,Vendido,2024-09-26,32165.0
CR-00295,1867518659,La Libertad,Cruzado,M,2022-04-26,34.3,2022-12-28,183.2,CR-00626,TORO-02,Vendido,2023-08-08,41383.0
CR-00296,8331745988,Nispero,Nelore,H,2022-01-06,28.7,2022-08-31,187.0,CR-00034,TORO-09,Vendido,2023-11-14,18651.0
CR-00297,7050160837,Las Flores,Jersey,M,2022-07-13,34.9,2023-02-08,164.4,CR-00291,TORO-07,Muerto,2023-03-05,35475.0
CR-00298,8403247815,Miravalles,Brahman,M,2024-12-18,32.5,,,CR-00006,TORO-02,Vendido,2026-06-30,21501.0
CR-00299,6954951368,ECOS,Angus,H,2025-01-26,27.0,2025-10-22,156.3,,TORO-03,Activo,,18617.0
CR-00300,6230049482,Miravalles,Jersey,H,2022-10-25,31.3,2023-06-23,198.2,CR-00782,TORO-07,Activo,,28968.0
CR-00301,2287196876,Miravalles,Angus,H,2024-07-16,37.5,,,CR-00456,TORO-09,Traslado,2025-06-30,26622.0
CR-00302,3138925270,La Libertad,Angus,H,2022-09-22,38.7,2023-05-23,120.0,CR-00697,TORO-05,Traslado,2022-11-01,43235.0
CR-00303,5765878497,Nispero,Cruzado,M,2024-02-05,34.9,2024-09-22,231.6,CR-00722,TORO-12,Traslado,2026-02-03,24719.0
CR-00304,5033865954,Las Flores,Angus,H,2024-11-14,27.2,2025-07-22,167.4,CR-00421,TORO-12,Activo,,39447.0
CR-00305,4945476327,ECOS,Simmental,H,2023-01-05,34.0,,,CR-00571,TORO-10,Activo,,37465.0
CR-00306,2169293548,Miravalles,Angus,H,2022-11-27,35.4,2023-07-11,260.0,CR-00140,TORO-06,Vendido,2024-06-04,35038.0
CR-00307,6396340973,Nispero,Angus,H,2024-08-28,34.9,2025-04-25,136.2,,TORO-11,Vendido,2025-03-13,42612.0
CR-00308,4350354158,ECOS,Jersey,H,2025-05-04,35.1,2026-01-07,182.3,CR-00671,TORO-09,Activo,,27238.0
CR-00309,6084555503,La Libertad,Angus,H,2023-01-03,33.5,2023-08-07,159.4,CR-00359,TORO-07,Activo,,26690.0
CR-00310,8644917997,La Libertad,Brahman,M,2022-08-11,31.7,,,CR-00128,TORO-06,Activo,,19828.0
CR-00311,8242879217,La Libertad,Cruzado,M,2022-02-01,29.6,2022-10-09,133.7,,TORO-10,Activo,,23273.0
CR-00312,1404195574,ECOS,Jersey,M,2024-08-10,24.4,2025-03-17,214.8,CR-00009,TORO-07,Activo,,41393.0
CR-00313,6343138040,La Libertad,Brahman,H,2024-10-09,33.4,2025-05-30,172.9,CR-00071,TORO-03,Activo,,29231.0
CR-00314,2489389818,La Libertad,Cruzado,H,2024-04-07,32.7,2024-11-23,150.7,CR-00696,TORO-12,Activo,,25241.0
CR-00315,8026561279,La Libertad,Simmental,M,2024-03-28,34.2,,,CR-00294,TORO-01,Muerto,2024-10-21,21483.0
CR-00316,9632883455,Miravalles,Cruzado,H,2025-03-23,26.6,2025-11-07,201.1,CR-00756,TORO-09,Vendido,2025-07-22,29549.0
CR-00317,4950203142,Nispero,Brahman,H,2025-03-24,34.6,2025-11-07,168.3,CR-00822,TORO-08,Traslado,2026-06-30,36500.0
CR-00318,6453326598,Nispero,Jersey,M,2023-02-11,40.2,,,,TORO-08,Activo,,23601.0
CR-00319,2821270283,Miravalles,Simmental,M,2024-04-01,32.3,2024-11-21,177.1,,TORO-01,Activo,,37731.0
CR-00320,2535336716,Las Flores,Jersey,H,2023-08-29,31.8,2024-04-02,148.5,CR-00438,TORO-06,Activo,,33894.0
CR-00321,9637970700,Las Flores,Nelore,M,2023-04-21,33.2,2024-01-05,138.6,CR-00571,TORO-11,Activo,,38627.0
CR-00322,6767997711,Nispero,Jersey,H,2025-10-13,40.1,2026-05-16,149.5,CR-00044,TORO-03,Activo,,22527.0
CR-00323,4307606291,La Libertad,Simmental,H,2024-10-26,27.9,2025-06-17,140.9,CR-00133,TORO-09,Vendido,2026-06-20,33931.0
CR-00324,4832938777,La Libertad,Brahman,H,2025-10-05,32.8,2026-06-21,145.0,CR-00247,TORO-11,Vendido,2026-06-30,19612.0
CR-00325,1810430746,ECOS,Jersey,M,2023-07-16,28.8,,,CR-00733,TORO-12,Muerto,2024-02-13,25914.0
CR-00326,1361361695,Las Flores,Cruzado,H,2024-04-25,29.8,2025-01-06,154.9,CR-00305,TORO-07,Activo,,36731.0
CR-00327,6122908453,Miravalles,Angus,M,2024-12-06,31.8,2025-08-22,177.2,CR-00118,TORO-04,Activo,,33950.0
CR-00328,5686051622,Nispero,Simmental,M,2022-03-16,37.4,2022-11-25,244.8,CR-00296,TORO-09,Activo,,20636.0
CR-00329,2072957735,Nispero,Nelore,M,2023-06-19,39.2,2024-03-01,157.2,CR-00595,TORO-06,Activo,,40750.0
CR-00330,9861845802,Miravalles,Simmental,M,2024-06-15,33.8,2025-01-31,159.1,CR-00044,TORO-08,Vendido,2026-06-30,16601.0
CR-00331,5986325291,ECOS,Jersey,M,2022-09-30,30.5,2023-05-28,167.5,CR-00550,TORO-09,Activo,,32856.0
CR-00332,5996782380,Nispero,Jersey,H,2025-07-19,42.0,2026-03-23,217.1,CR-00651,TORO-09,Vendido,2026-06-30,44515.0
CR-00333,9195744044,Las Flores,Angus,M,2022-10-19,30.3,2023-06-15,174.0,CR-00785,TORO-03,Activo,,30945.0
CR-00334,9861202732,La Libertad,Jersey,H,2022-12-02,29.7,2023-07-20,147.6,CR-00438,TORO-10,Traslado,2024-12-26,39020.0
CR-00335,8088308526,ECOS,Nelore,M,2024-05-22,24.9,2024-12-21,157.3,CR-00620,TORO-07,Traslado,2026-06-29,32855.0
CR-00336,5101986608,Las Flores,Cruzado,M,2022-11-16,37.6,2023-08-12,204.4,CR-00389,TORO-12,Activo,,38493.0
CR-00337,4679047984,ECOS,Cruzado,H,2025-03-03,35.9,,,CR-00389,TORO-08,Muerto,2026-06-30,34668.0
CR-00338,3129961266,La Libertad,Nelore,H,2024-12-01,41.7,2025-08-02,163.9,,TORO-11,Activo,,35734.0
CR-00339,7031829298,La Libertad,Nelore,H,2022-03-06,26.4,2022-11-18,171.2,CR-00128,TORO-12,Vendido,2023-08-18,21834.0
CR-00340,4896752435,Las Flores,Nelore,H,2024-11-07,37.8,2025-07-02,120.0,CR-00133,TORO-12,Muerto,2026-06-30,37255.0
CR-00341,2293467953,Nispero,Jersey,M,2024-05-22,32.3,2025-02-02,179.1,,TORO-09,Vendido,2026-02-05,22137.0
CR-00342,8551627577,ECOS,Nelore,M,2024-12-19,35.2,2025-08-21,202.8,CR-00309,TORO-08,Vendido,2025-12-19,44419.0
CR-00343,8074578747,Miravalles,Angus,H,2025-02-17,25.4,2025-11-06,231.0,CR-00635,TORO-02,Activo,,21834.0
CR-00344,5942299452,La Libertad,Nelore,H,2024-06-19,37.9,2025-02-11,205.5,,TORO-05,Vendido,2026-06-13,22101.0
CR-00345,9879683904,Nispero,Angus,M,2024-11-26,35.1,2025-07-21,173.8,CR-00211,TORO-06,Vendido,2026-06-30,40760.0
CR-00346,8318434112,Las Flores,Nelore,M,2023-01-18,31.8,2023-08-17,158.4,CR-00788,TORO-10,Activo,,22290.0
CR-00347,1266465602,La Libertad,Brahman,H,2024-04-06,34.6,,,CR-00286,TORO-08,Activo,,25827.0
CR-00348,7866127171,La Libertad,Brahman,H,2025-01-31,28.9,2025-09-14,170.4,CR-00828,TORO-06,Vendido,2025-11-12,36439.0
CR-00349,1171307330,Las Flores,Cruzado,M,2024-04-27,29.7,2024-12-13,189.0,CR-00478,TORO-02,Vendido,2026-01-30,19762.0
CR-00350,8038046536,Nispero,Brahman,M,2024-05-22,30.1,,,CR-00796,TORO-09,Activo,,19772.0
CR-00351,1325464394,La Libertad,Simmental,H,2023-08-14,24.6,2024-04-14,209.6,CR-00454,TORO-06,Muerto,2025-05-20,29591.0
CR-00352,5044253519,La Libertad,Cruzado,M,2024-04-04,35.4,2024-11-21,141.9,CR-00636,TORO-01,Vendido,2026-01-19,22311.0
CR-00353,5281344336,Las Flores,Cruzado,M,2025-02-27,36.8,2025-11-08,223.3,CR-00038,TORO-04,Activo,,22070.0
CR-00354,6294321999,ECOS,Nelore,M,2022-03-04,29.2,2022-11-20,196.0,CR-00261,TORO-11,Activo,,15277.0
CR-00355,1544756057,Las Flores,Angus,H,2022-12-09,33.4,2023-08-11,132.5,CR-00626,TORO-02,Activo,,26113.0
CR-00356,9576094555,La Libertad,Jersey,M,2024-12-14,30.9,2025-09-08,163.6,CR-00599,TORO-05,Vendido,2026-06-30,24548.0
CR-00357,7630351196,Miravalles,Jersey,M,2024-03-22,33.3,2024-11-08,220.1,CR-00034,TORO-07,Activo,,15935.0
CR-00358,8532069216,Las Flores,Simmental,M,2024-03-12,29.5,2024-11-04,202.2,CR-00585,TORO-02,Activo,,33637.0
CR-00359,6572071777,Nispero,Brahman,H,2022-01-20,28.5,2022-09-12,159.2,,TORO-02,Vendido,2022-03-25,33800.0
CR-00360,1648532323,Las Flores,Brahman,M,2023-12-17,36.2,,,CR-00011,TORO-12,Vendido,2025-03-08,17124.0
CR-00361,5855746917,ECOS,Angus,M,2024-09-15,31.7,2025-04-28,212.5,CR-00040,TORO-08,Muerto,2026-01-14,24511.0
CR-00362,8055083881,ECOS,Brahman,M,2024-10-05,40.1,2025-06-05,148.7,,TORO-03,Activo,,41184.0
CR-00363,5991263083,La Libertad,Jersey,H,2024-04-16,32.2,,,CR-00702,TORO-03,Vendido,2024-08-28,32465.0
CR-00364,9041019757,Miravalles,Angus,H,2024-08-22,28.3,2025-03-20,181.3,,TORO-06,Activo,,27359.0
CR-00365,8239248240,Miravalles,Angus,H,2024-01-22,36.9,2024-09-15,185.2,CR-00288,TORO-09,Activo,,28953.0
CR-00366,2613414773,Las Flores,Jersey,M,2024-09-04,34.5,2025-04-24,132.6,CR-00791,TORO-09,Vendido,2025-05-02,21248.0
CR-00367,8008758135,ECOS,Cruzado,H,2024-07-31,34.9,2025-04-27,136.4,CR-00122,TORO-03,Vendido,2025-06-23,39356.0
CR-00368,8977625980,Miravalles,Angus,M,2024-05-01,36.8,2024-12-12,196.0,,TORO-09,Activo,,42420.0
CR-00369,1763304321,Las Flores,Nelore,H,2024-09-17,29.4,2025-05-17,160.2,,TORO-11,Vendido,2025-08-05,42320.0
CR-00370,3853368201,Nispero,Simmental,M,2022-08-24,31.5,2023-04-14,150.8,,TORO-03,Activo,,21718.0
CR-00371,6294756235,Miravalles,Simmental,H,2023-06-10,31.3,,,CR-00252,TORO-01,Activo,,24322.0
CR-00372,7852893068,La Libertad,Jersey,H,2024-03-09,26.8,2024-11-22,213.4,CR-00631,TORO-12,Activo,,19819.0
CR-00373,2817811339,La Libertad,Jersey,M,2025-01-09,30.9,2025-08-12,132.0,CR-00171,TORO-07,Activo,,24216.0
CR-00374,4121828240,Nispero,Jersey,H,2024-12-09,37.3,,,CR-00478,TORO-10,Vendido,2025-11-17,24984.0
CR-00375,6848619413,Miravalles,Brahman,M,2022-04-13,32.9,2023-01-07,213.9,CR-00201,TORO-04,Muerto,2023-08-16,33993.0
CR-00376,2481470358,Las Flores,Angus,M,2024-04-20,26.6,,,,TORO-04,Vendido,2025-10-26,20689.0
CR-00377,6597079960,Las Flores,Simmental,M,2023-09-06,25.8,2024-05-06,230.4,,TORO-03,Activo,,42582.0
CR-00378,1042672536,La Libertad,Brahman,H,2024-04-03,38.7,2024-12-28,163.2,CR-00291,TORO-03,Activo,,18093.0
CR-00379,6013289371,La Libertad,Nelore,M,2025-05-18,31.6,2026-01-31,193.7,CR-00493,TORO-06,Activo,,15206.0
CR-00380,8025230237,ECOS,Brahman,H,2024-09-17,29.4,2025-04-19,141.2,CR-00132,TORO-02,Vendido,2026-06-30,40648.0
CR-00381,4277728159,Nispero,Jersey,H,2024-08-05,30.9,2025-03-14,120.0,CR-00801,TORO-11,Activo,,36113.0
CR-00382,5540778911,Nispero,Brahman,H,2023-08-28,26.1,2024-04-05,162.2,CR-00198,TORO-07,Activo,,25661.0
CR-00383,3735550882,Miravalles,Brahman,H,2023-01-02,37.7,2023-08-08,229.8,CR-00637,TORO-11,Vendido,2024-12-18,32865.0
CR-00384,7149325218,La Libertad,Angus,M,2025-06-14,30.4,2026-01-11,192.6,CR-00313,TORO-07,Vendido,2026-06-30,21706.0
CR-00385,7850257317,Nispero,Brahman,H,2024-06-22,37.5,2025-03-17,233.9,CR-00014,TORO-04,Activo,,20052.0
CR-00386,9629922213,La Libertad,Simmental,M,2024-08-19,32.2,2025-04-04,122.8,CR-00041,TORO-07,Activo,,29134.0
CR-00387,1759998890,La Libertad,Nelore,H,2023-02-25,37.7,2023-10-29,221.9,,TORO-02,Vendido,2025-01-18,25596.0
CR-00388,7875310510,Nispero,Jersey,M,2022-02-28,33.0,2022-11-15,154.3,CR-00296,TORO-10,Activo,,33457.0
CR-00389,5439609782,Las Flores,Angus,H,2022-10-06,35.4,2023-06-02,172.4,CR-00288,TORO-09,Activo,,21544.0
CR-00390,4930456503,Miravalles,Simmental,H,2022-09-03,34.9,2023-05-13,236.1,CR-00116,TORO-02,Muerto,2023-10-30,34888.0
CR-00391,1132145592,Las Flores,Simmental,H,2023-10-24,34.5,2024-05-29,192.3,,TORO-07,Activo,,38006.0
CR-00392,8660179897,ECOS,Simmental,M,2025-04-09,33.4,2025-12-28,208.8,CR-00728,TORO-07,Activo,,19999.0
CR-00393,9163932599,La Libertad,Cruzado,H,2024-12-31,31.1,2025-08-29,212.4,,TORO-03,Activo,,16316.0
CR-00394,3690492860,Las Flores,Angus,M,2023-04-10,39.7,2023-12-07,197.7,CR-00808,TORO-02,Activo,,28188.0
CR-00395,7098928062,Las Flores,Simmental,M,2022-08-26,28.4,,,CR-00785,TORO-10,Activo,,38221.0
CR-00396,8871058367,La Libertad,Cruzado,M,2023-03-01,32.0,2023-10-21,213.8,,TORO-04,Activo,,34523.0
CR-00397,1524724675,Miravalles,Jersey,H,2025-12-02,32.1,,,CR-00108,TORO-07,Activo,,36056.0
CR-00398,5416362949,Nispero,Simmental,H,2023-05-02,33.6,2024-01-22,201.3,CR-00599,TORO-03,Activo,,27085.0
CR-00399,1260995528,Las Flores,Simmental,H,2024-10-20,30.3,,,CR-00082,TORO-08,Muerto,2026-06-30,22048.0
CR-00400,3825040328,ECOS,Jersey,M,2025-05-01,33.3,2025-12-06,205.1,CR-00019,TORO-01,Traslado,2026-06-30,30953.0
CR-00401,2473761738,La Libertad,Simmental,M,2022-10-16,31.3,2023-05-17,145.6,,TORO-05,Activo,,21131.0
CR-00402,2597559241,Las Flores,Jersey,H,2024-06-15,25.7,2025-01-27,163.6,,TORO-07,Activo,,36787.0
CR-00403,3042184141,Nispero,Brahman,M,2025-01-23,32.0,,,CR-00679,TORO-06,Vendido,2026-06-30,20909.0
CR-00404,1995295698,La Libertad,Nelore,M,2023-03-11,27.6,2023-10-21,175.6,,TORO-08,Traslado,2025-05-30,23738.0
CR-00405,9937761237,Las Flores,Brahman,H,2022-09-07,25.1,,,CR-00697,TORO-03,Muerto,2022-11-28,30196.0
CR-00406,8056728535,Las Flores,Brahman,M,2025-03-12,32.5,2025-11-06,197.1,CR-00580,TORO-06,Activo,,29601.0
CR-00407,3694449623,Las Flores,Nelore,H,2025-04-11,34.0,,,CR-00603,TORO-10,Activo,,33025.0
CR-00408,9269408741,Nispero,Angus,H,2024-07-17,34.1,2025-03-29,170.9,CR-00417,TORO-05,Activo,,28123.0
CR-00409,1855861734,ECOS,Nelore,H,2024-04-02,34.3,,,CR-00076,TORO-02,Muerto,2024-08-20,42584.0
CR-00410,4746361831,Miravalles,Nelore,H,2022-02-17,24.3,2022-11-11,178.5,CR-00792,TORO-11,Activo,,40198.0
CR-00411,9177226216,ECOS,Simmental,H,2025-08-16,26.6,2026-03-21,215.0,,TORO-10,Activo,,41373.0
CR-00412,8207844328,Nispero,Jersey,H,2024-09-09,39.9,2025-04-14,171.6,,TORO-09,Activo,,33885.0
CR-00413,2863184873,La Libertad,Jersey,M,2022-09-25,27.8,2023-06-12,142.7,CR-00234,TORO-10,Activo,,34050.0
CR-00414,8709528556,ECOS,Nelore,M,2024-12-11,34.4,2025-07-11,198.2,CR-00569,TORO-10,Activo,,33276.0
CR-00415,4531321836,La Libertad,Angus,M,2025-02-15,29.3,2025-09-17,127.6,CR-00286,TORO-09,Activo,,28047.0
CR-00416,3193007086,La Libertad,Cruzado,H,2025-06-05,32.3,2026-02-10,192.5,CR-00750,TORO-07,Vendido,2026-06-30,24663.0
CR-00417,5379924977,La Libertad,Brahman,H,2023-03-27,29.5,2023-11-24,153.9,CR-00300,TORO-01,Vendido,2024-02-03,32760.0
CR-00418,6427964416,Nispero,Simmental,M,2022-11-25,34.2,,,CR-00595,TORO-08,Vendido,2024-11-27,15766.0
CR-00419,5682476032,ECOS,Nelore,H,2025-07-17,32.5,2026-04-01,174.3,CR-00193,TORO-04,Activo,,15224.0
CR-00420,3434814468,Miravalles,Angus,M,2025-02-05,30.2,2025-09-20,260.0,CR-00228,TORO-10,Muerto,2026-06-27,40549.0
CR-00421,4980827143,Nispero,Simmental,H,2024-09-10,27.8,2025-04-26,260.0,CR-00495,TORO-06,Vendido,2025-07-03,16393.0
CR-00422,7297983501,Miravalles,Angus,H,2024-01-16,33.1,2024-08-14,233.3,CR-00808,TORO-11,Activo,,30744.0
CR-00423,8541821967,ECOS,Angus,H,2024-04-10,27.1,,,CR-00198,TORO-08,Activo,,33450.0
CR-00424,4767474707,ECOS,Simmental,M,2023-09-21,33.7,,,CR-00140,TORO-07,Vendido,2024-11-12,20945.0
CR-00425,7126430741,La Libertad,Angus,M,2022-07-04,42.5,2023-03-30,225.3,CR-00785,TORO-12,Activo,,41872.0
CR-00426,1437123608,Miravalles,Cruzado,H,2022-10-05,37.4,2023-06-28,237.2,CR-00550,TORO-06,Activo,,20703.0
CR-00427,7822789660,Miravalles,Brahman,H,2023-07-28,34.9,2024-03-02,226.3,,TORO-05,Activo,,41535.0
CR-00428,6867379230,La Libertad,Nelore,H,2025-11-04,31.7,2026-06-18,181.0,CR-00603,TORO-05,Activo,,37890.0
CR-00429,9600609313,Nispero,Cruzado,M,2022-07-25,24.2,2023-03-09,181.4,CR-00550,TORO-11,Activo,,22222.0
CR-00430,9326081065,Miravalles,Angus,M,2023-01-21,26.7,2023-09-28,212.1,CR-00355,TORO-10,Activo,,19522.0
CR-00431,3473425456,La Libertad,Cruzado,M,2024-01-27,37.1,2024-08-25,183.6,CR-00691,TORO-02,Activo,,24487.0
CR-00432,5165194290,ECOS,Cruzado,H,2022-10-11,28.8,2023-06-08,180.6,CR-00272,TORO-06,Vendido,2023-02-15,26939.0
CR-00433,6152121398,ECOS,Jersey,M,2022-01-15,29.2,,,CR-00296,TORO-05,Activo,,22374.0
CR-00434,2258172983,Miravalles,Angus,M,2024-05-17,31.3,2024-12-30,213.0,,TORO-08,Activo,,44967.0
CR-00435,2767911991,Nispero,Cruzado,M,2023-01-06,27.8,2023-09-17,170.7,CR-00224,TORO-01,Activo,,21890.0
CR-00436,9373461558,La Libertad,Jersey,H,2024-04-21,27.1,,,CR-00378,TORO-09,Vendido,2025-06-29,39919.0
CR-00437,4118307898,ECOS,Cruzado,H,2025-08-06,31.8,2026-03-06,226.3,CR-00794,TORO-09,Traslado,2025-10-27,19774.0
CR-00438,5669725243,Nispero,Angus,H,2022-03-05,28.4,2022-10-08,171.8,,TORO-03,Activo,,44407.0
CR-00439,2053932093,Nispero,Cruzado,M,2025-06-20,29.0,2026-02-14,177.2,CR-00248,TORO-02,Activo,,21766.0
CR-00440,7721106502,Nispero,Brahman,M,2025-12-30,28.9,,,,TORO-08,Activo,,27651.0
CR-00441,7346488407,La Libertad,Simmental,M,2025-01-26,34.1,2025-10-03,184.6,,TORO-04,Activo,,31757.0
CR-00442,2370808924,Miravalles,Nelore,M,2024-01-24,31.1,2024-10-14,189.4,,TORO-12,Muerto,2025-10-30,18609.0
CR-00443,6091947103,Miravalles,Simmental,H,2024-04-09,31.3,,,CR-00792,TORO-10,Activo,,39505.0
CR-00444,2688343137,La Libertad,Simmental,H,2024-10-29,34.4,2025-06-06,161.1,CR-00399,TORO-12,Traslado,2026-06-30,23241.0
CR-00445,1847596130,Nispero,Brahman,H,2024-05-28,31.4,2025-01-23,145.9,,TORO-07,Activo,,31478.0
CR-00446,3713608802,Miravalles,Simmental,M,2022-08-22,30.9,2023-04-07,245.7,CR-00626,TORO-12,Activo,,31489.0
CR-00447,7650856035,Las Flores,Jersey,M,2025-01-13,33.9,,,CR-00365,TORO-01,Muerto,2025-10-15,33079.0
CR-00448,3562480741,Las Flores,Nelore,H,2024-09-26,34.7,,,CR-00116,TORO-04,Activo,,16665.0
CR-00449,8022713445,La Libertad,Angus,M,2024-01-25,31.4,2024-09-17,199.2,CR-00383,TORO-01,Vendido,2025-06-06,20059.0
CR-00450,6696258663,La Libertad,Jersey,M,2023-09-17,32.3,2024-05-09,179.2,CR-00263,TORO-09,Activo,,19836.0
CR-00451,5267518565,Miravalles,Brahman,M,2022-02-23,28.9,,,CR-00550,TORO-07,Muerto,2023-09-17,24062.0
CR-00452,6645779566,Las Flores,Nelore,M,2024-11-10,28.6,,,CR-00296,TORO-04,Activo,,19347.0
CR-00453,1160531055,La Libertad,Simmental,H,2024-04-18,35.1,2025-01-10,156.2,CR-00462,TORO-04,Activo,,42658.0
CR-00454,9073300590,La Libertad,Nelore,H,2023-03-09,33.8,,,CR-00006,TORO-08,Muerto,2025-02-07,30389.0
CR-00455,2004403314,Nispero,Jersey,M,2023-05-03,33.8,2023-12-06,180.3,CR-00808,TORO-03,Activo,,33707.0
CR-00456,5976937587,Nispero,Nelore,H,2023-01-01,33.1,,,CR-00263,TORO-07,Activo,,25725.0
CR-00457,3532455028,La Libertad,Jersey,M,2024-03-01,32.2,2024-10-10,130.1,CR-00520,TORO-08,Vendido,2024-07-07,23287.0
CR-00458,1788849273,ECOS,Brahman,M,2023-08-07,34.8,2024-03-31,153.7,,TORO-03,Activo,,30095.0
CR-00459,2821641338,Nispero,Cruzado,M,2025-04-20,35.7,2025-11-28,194.5,CR-00301,TORO-03,Muerto,2026-04-12,23830.0
CR-00460,6349902973,La Libertad,Simmental,H,2022-05-10,35.6,2022-12-16,171.5,CR-00571,TORO-05,Vendido,2024-04-04,25309.0
CR-00461,8864996481,Miravalles,Angus,H,2023-10-22,31.6,2024-07-07,170.1,CR-00782,TORO-08,Vendido,2024-08-13,28583.0
CR-00462,8699423876,Las Flores,Angus,H,2023-02-15,37.5,2023-09-13,151.9,CR-00726,TORO-04,Activo,,30172.0
CR-00463,5540736133,Nispero,Cruzado,M,2024-05-24,32.9,2025-02-07,206.9,CR-00296,TORO-05,Activo,,44529.0
CR-00464,2418504837,Las Flores,Simmental,M,2024-03-09,34.5,,,,TORO-07,Traslado,2026-01-29,21700.0
CR-00465,5193866376,La Libertad,Simmental,H,2024-06-25,33.1,2025-02-28,212.1,CR-00621,TORO-03,Activo,,29639.0
CR-00466,7348657289,Las Flores,Brahman,M,2025-05-02,33.0,2026-01-07,181.2,,TORO-07,Activo,,19485.0
CR-00467,9010175114,ECOS,Simmental,M,2023-01-17,29.1,2023-08-27,213.0,CR-00036,TORO-02,Activo,,25500.0
CR-00468,3829959821,Las Flores,Jersey,H,2024-01-26,34.8,2024-08-28,192.6,CR-00234,TORO-02,Activo,,36519.0
CR-00469,3984120976,Las Flores,Brahman,H,2022-11-08,43.4,2023-06-15,194.0,CR-00500,TORO-03,Activo,,20234.0
CR-00470,3667258513,La Libertad,Nelore,M,2023-01-21,30.5,2023-09-20,204.2,CR-00261,TORO-04,Vendido,2024-11-28,32441.0
CR-00471,3902413968,Miravalles,Nelore,M,2024-10-13,32.3,2025-07-06,193.8,CR-00515,TORO-01,Vendido,2025-03-15,27501.0
CR-00472,8675030166,Miravalles,Jersey,H,2022-12-01,30.2,2023-08-06,211.1,CR-00824,TORO-12,Muerto,2024-12-21,16547.0
CR-00473,1205234839,La Libertad,Angus,M,2024-06-19,30.0,2025-01-23,227.2,CR-00617,TORO-04,Activo,,42992.0
CR-00474,5573506202,Nispero,Nelore,M,2024-04-24,38.2,2024-11-25,143.8,CR-00041,TORO-10,Activo,,27408.0
CR-00475,2489785504,Las Flores,Cruzado,M,2024-10-11,29.3,2025-05-22,215.5,CR-00025,TORO-11,Activo,,38518.0
CR-00476,1464921253,ECOS,Brahman,M,2024-12-25,30.1,2025-09-04,196.7,CR-00756,TORO-10,Vendido,2026-06-30,27489.0
CR-00477,9696087209,Miravalles,Cruzado,H,2024-02-14,25.7,2024-10-27,226.5,,TORO-10,Activo,,43121.0
CR-00478,2464691374,Miravalles,Cruzado,H,2023-12-18,29.0,2024-08-23,222.2,CR-00128,TORO-02,Activo,,23714.0
CR-00479,7737472175,Miravalles,Cruzado,H,2022-12-11,25.2,2023-07-15,164.2,CR-00717,TORO-05,Activo,,27367.0
CR-00480,6229550257,Nispero,Simmental,M,2022-02-22,34.5,2022-10-20,157.3,CR-00792,TORO-09,Vendido,2023-08-23,37766.0
CR-00481,1490502834,Nispero,Cruzado,M,2024-01-21,43.2,,,CR-00059,TORO-07,Vendido,2025-11-12,25310.0
CR-00482,7452011702,Miravalles,Cruzado,H,2025-09-18,30.5,2026-05-25,242.6,CR-00801,TORO-01,Muerto,2026-06-30,25931.0
CR-00483,8526738614,Las Flores,Jersey,M,2022-01-29,25.3,,,CR-00128,TORO-07,Activo,,44845.0
CR-00484,7531926712,La Libertad,Nelore,H,2024-08-07,35.6,2025-04-29,178.3,CR-00177,TORO-10,Traslado,2026-01-26,31668.0
CR-00485,6583219386,Las Flores,Nelore,H,2024-01-24,29.1,2024-08-21,168.1,,TORO-10,Activo,,35681.0
CR-00486,6032864446,Las Flores,Simmental,M,2025-09-10,37.2,2026-04-18,161.8,,TORO-05,Activo,,34304.0
CR-00487,4542674111,La Libertad,Angus,H,2024-03-25,30.9,2024-11-12,151.5,CR-00664,TORO-03,Activo,,39838.0
CR-00488,2797980864,Miravalles,Jersey,H,2024-02-05,29.5,2024-09-23,219.7,CR-00074,TORO-04,Activo,,40855.0
CR-00489,2396916931,Nispero,Cruzado,M,2024-01-25,31.3,2024-09-17,168.3,CR-00529,TORO-04,Activo,,31898.0
CR-00490,9657078980,Miravalles,Simmental,H,2025-03-10,35.0,2025-10-22,209.5,CR-00023,TORO-05,Activo,,23837.0
CR-00491,7611589827,Nispero,Angus,M,2022-07-17,31.1,2023-02-13,179.9,CR-00034,TORO-04,Activo,,15684.0
CR-00492,6727675078,Las Flores,Nelore,H,2025-01-28,30.0,2025-08-29,176.4,CR-00744,TORO-06,Vendido,2026-06-12,33432.0
CR-00493,7862789323,Miravalles,Nelore,H,2022-10-20,31.2,,,CR-00116,TORO-01,Muerto,2024-10-03,39764.0
CR-00494,8274263248,Miravalles,Simmental,M,2025-08-09,26.9,,,CR-00690,TORO-04,Vendido,2026-06-30,28516.0
CR-00495,8494103764,Miravalles,Cruzado,H,2022-04-19,33.6,2022-11-24,186.1,CR-00506,TORO-04,Activo,,19941.0
CR-00496,1915047126,Nispero,Cruzado,M,2022-12-27,24.9,2023-09-03,223.9,CR-00571,TORO-02,Activo,,23642.0
CR-00497,5034210519,Miravalles,Jersey,H,2022-08-29,30.2,2023-04-29,193.5,CR-00171,TORO-11,Vendido,2024-07-01,30300.0
CR-00498,3717346522,Miravalles,Jersey,H,2023-09-03,35.0,2024-05-10,171.5,CR-00828,TORO-09,Activo,,40100.0
CR-00499,4752004317,Miravalles,Cruzado,H,2023-03-05,33.2,2023-10-23,199.7,CR-00719,TORO-11,Activo,,20153.0
CR-00500,8237120735,ECOS,Nelore,H,2022-09-17,34.4,2023-05-12,146.2,CR-00631,TORO-07,Activo,,33364.0
CR-00501,1369711839,La Libertad,Simmental,M,2024-07-23,31.7,2025-04-10,216.6,CR-00025,TORO-02,Vendido,2026-03-26,37601.0
CR-00502,8127769826,Miravalles,Nelore,H,2023-12-26,36.7,2024-09-03,194.4,,TORO-11,Activo,,43081.0
CR-00503,2958656740,La Libertad,Simmental,M,2024-06-23,35.7,2025-02-17,178.9,,TORO-06,Vendido,2025-10-31,18501.0
CR-00504,2153022694,Nispero,Cruzado,H,2025-09-05,33.8,2026-05-16,164.0,CR-00665,TORO-09,Activo,,42792.0
CR-00505,4888837357,La Libertad,Nelore,M,2024-05-04,35.7,2025-01-06,217.1,CR-00372,TORO-05,Activo,,33044.0
CR-00506,9322315004,ECOS,Simmental,H,2022-01-15,35.0,2022-08-14,149.3,CR-00211,TORO-06,Activo,,38001.0
CR-00507,6934803712,Las Flores,Brahman,M,2023-02-16,30.2,2023-10-01,143.1,CR-00042,TORO-06,Activo,,16613.0
CR-00508,3398169857,La Libertad,Cruzado,H,2025-11-13,26.6,2026-06-22,171.1,CR-00240,TORO-04,Activo,,30184.0
CR-00509,6991162624,Las Flores,Nelore,M,2022-09-27,33.7,2023-05-18,124.3,CR-00782,TORO-07,Vendido,2024-07-05,33679.0
CR-00510,7389142275,La Libertad,Nelore,H,2023-05-14,34.2,,,,TORO-09,Activo,,24205.0
CR-00511,1281551616,Nispero,Simmental,M,2025-09-12,36.4,2026-05-22,193.6,,TORO-01,Activo,,27950.0
CR-00512,5090116872,La Libertad,Angus,M,2025-01-02,28.3,2025-09-06,120.0,,TORO-02,Vendido,2025-02-21,31629.0
CR-00513,3105455372,La Libertad,Simmental,M,2023-01-14,28.4,,,CR-00274,TORO-11,Activo,,31576.0
CR-00514,2231391502,La Libertad,Cruzado,M,2024-07-04,33.8,2025-03-01,146.0,CR-00009,TORO-07,Activo,,16256.0
CR-00515,5184761105,Nispero,Nelore,H,2024-08-16,31.7,2025-03-26,134.7,,TORO-12,Activo,,28184.0
CR-00516,1454677267,Nispero,Brahman,M,2024-12-08,24.5,2025-08-14,158.1,CR-00244,TORO-08,Activo,,21415.0
CR-00517,7884989716,Nispero,Nelore,M,2022-10-05,33.5,2023-05-19,212.1,CR-00296,TORO-08,Activo,,42501.0
CR-00518,2179519764,Las Flores,Angus,M,2022-04-04,24.6,,,CR-00801,TORO-11,Vendido,2022-06-01,44297.0
CR-00519,6843098397,Las Flores,Nelore,M,2024-10-25,28.2,2025-06-26,193.9,,TORO-08,Activo,,23989.0
CR-00520,8727381279,Nispero,Simmental,H,2023-06-29,37.4,2024-03-03,195.6,CR-00014,TORO-04,Vendido,2025-02-26,20256.0
CR-00521,6794786080,Las Flores,Brahman,H,2024-10-29,39.3,2025-07-07,138.6,CR-00756,TORO-07,Activo,,21585.0
CR-00522,3830056225,Nispero,Cruzado,M,2023-03-05,27.1,2023-11-22,153.2,CR-00285,TORO-03,Vendido,2024-09-16,29333.0
CR-00523,9425147170,Nispero,Angus,H,2025-01-10,30.7,,,CR-00780,TORO-05,Vendido,2025-03-26,41235.0
CR-00524,5867709732,La Libertad,Jersey,H,2025-01-22,32.2,2025-09-06,169.3,CR-00147,TORO-09,Activo,,30001.0
CR-00525,3054275879,Miravalles,Cruzado,H,2024-12-28,39.1,2025-09-21,210.4,CR-00025,TORO-02,Activo,,16662.0
CR-00526,1083338036,Nispero,Angus,H,2024-01-30,30.0,2024-08-29,207.7,CR-00456,TORO-09,Activo,,16197.0
CR-00527,2571773238,Miravalles,Simmental,H,2023-12-09,30.1,2024-08-14,214.1,CR-00782,TORO-08,Traslado,2024-03-29,21822.0
CR-00528,3968750910,Las Flores,Brahman,M,2024-09-23,38.2,,,CR-00248,TORO-04,Traslado,2025-04-12,40283.0
CR-00529,6394445123,ECOS,Brahman,H,2022-02-23,30.5,2022-10-12,176.8,CR-00149,TORO-01,Activo,,33644.0
CR-00530,3813129541,Nispero,Jersey,M,2025-11-12,34.9,,,CR-00271,TORO-09,Vendido,2026-06-30,31889.0
CR-00531,6634112328,ECOS,Cruzado,M,2025-02-22,26.1,2025-09-21,180.4,CR-00492,TORO-10,Activo,,24569.0
CR-00532,8015297866,ECOS,Brahman,H,2025-02-22,31.3,2025-11-13,157.1,CR-00529,TORO-09,Activo,,42883.0
CR-00533,2724427086,Nispero,Angus,M,2025-07-30,25.4,2026-02-26,221.4,CR-00170,TORO-06,Vendido,2026-06-30,24935.0
CR-00534,2881518927,Las Flores,Angus,H,2025-04-16,27.8,2025-11-20,152.7,CR-00091,TORO-08,Activo,,40048.0
CR-00535,3214599503,La Libertad,Nelore,H,2023-04-17,35.4,2023-12-21,120.3,CR-00569,TORO-05,Activo,,41877.0
CR-00536,8044617045,ECOS,Angus,H,2025-03-13,31.8,2025-10-22,187.2,,TORO-05,Muerto,2026-06-30,29500.0
CR-00537,9627032919,Miravalles,Angus,M,2024-08-10,30.7,2025-04-14,180.7,CR-00344,TORO-04,Activo,,41829.0
CR-00538,2666614104,Nispero,Simmental,M,2023-01-10,29.0,2023-09-01,122.5,,TORO-03,Vendido,2024-04-22,23304.0
CR-00539,5411777881,ECOS,Angus,M,2024-03-30,31.1,2024-10-28,157.4,CR-00569,TORO-12,Activo,,34753.0
CR-00540,6581343579,La Libertad,Jersey,H,2023-07-22,33.2,2024-03-19,139.1,CR-00469,TORO-08,Activo,,17639.0
CR-00541,7041082719,La Libertad,Cruzado,M,2023-06-27,35.9,2024-01-31,193.5,,TORO-03,Activo,,29218.0
CR-00542,3793012065,La Libertad,Cruzado,H,2023-09-13,22.0,2024-05-06,133.6,CR-00280,TORO-11,Traslado,2023-11-20,21520.0
CR-00543,7917827427,ECOS,Angus,M,2022-03-20,28.7,2022-12-01,170.1,,TORO-02,Activo,,16883.0
CR-00544,6545491300,ECOS,Cruzado,M,2024-08-25,32.6,2025-05-15,158.4,,TORO-08,Activo,,15112.0
CR-00545,8266884453,Nispero,Jersey,M,2025-10-05,31.6,2026-05-14,197.6,CR-00488,TORO-02,Vendido,2026-06-30,24743.0
CR-00546,7680861544,Las Flores,Angus,M,2024-05-22,33.6,2025-01-06,212.4,CR-00688,TORO-05,Traslado,2026-03-10,32686.0
CR-00547,9425259881,Miravalles,Cruzado,M,2024-04-03,33.1,,,CR-00788,TORO-08,Muerto,2026-02-03,28657.0
CR-00548,3167452522,Nispero,Nelore,M,2023-07-22,30.8,2024-03-08,149.2,CR-00550,TORO-12,Activo,,24053.0
CR-00549,5782699369,ECOS,Cruzado,H,2024-07-30,29.9,2025-02-28,195.7,,TORO-12,Activo,,44736.0
CR-00550,9931380076,Miravalles,Nelore,H,2022-02-04,31.0,2022-10-02,240.7,CR-00030,TORO-11,Activo,,43186.0
CR-00551,6356915563,ECOS,Cruzado,H,2025-07-26,36.6,2026-03-31,214.0,CR-00175,TORO-03,Vendido,2026-06-30,18770.0
CR-00552,6972589419,ECOS,Brahman,M,2022-02-26,29.1,,,CR-00128,TORO-02,Muerto,2023-08-04,27453.0
CR-00553,5146926447,Las Flores,Nelore,M,2024-07-27,31.7,2025-03-24,202.9,CR-00294,TORO-11,Vendido,2026-04-20,34465.0
CR-00554,3708538226,Las Flores,Angus,H,2024-12-07,32.7,2025-07-10,190.2,CR-00300,TORO-12,Activo,,37005.0
CR-00555,2633485686,La Libertad,Angus,H,2024-07-15,38.2,2025-02-11,159.7,CR-00240,TORO-04,Activo,,25991.0
CR-00556,7419323766,Miravalles,Angus,H,2025-10-05,30.8,2026-05-08,218.5,CR-00207,TORO-01,Activo,,37388.0
CR-00557,1458644343,Miravalles,Nelore,M,2023-04-24,35.8,2023-12-05,239.5,CR-00595,TORO-08,Activo,,18725.0
CR-00558,6288801149,Nispero,Brahman,M,2025-12-03,36.9,,,CR-00284,TORO-01,Activo,,24954.0
CR-00559,7767668094,Miravalles,Cruzado,H,2024-10-24,31.7,2025-07-11,221.4,CR-00153,TORO-01,Activo,,36493.0
CR-00560,6496931199,La Libertad,Simmental,H,2024-12-01,31.2,2025-07-01,181.5,CR-00754,TORO-12,Vendido,2026-06-30,33770.0
CR-00561,9123421568,ECOS,Cruzado,H,2024-09-28,30.7,,,CR-00300,TORO-06,Muerto,2025-04-05,40116.0
CR-00562,9017132417,Miravalles,Cruzado,H,2025-08-26,31.0,2026-04-01,189.1,CR-00599,TORO-02,Vendido,2026-02-03,16406.0
CR-00563,2306172291,ECOS,Brahman,M,2025-07-11,35.4,,,CR-00407,TORO-08,Muerto,2025-12-16,20232.0
CR-00564,6705776005,Las Flores,Brahman,H,2023-12-05,32.9,,,CR-00288,TORO-05,Vendido,2025-08-25,16455.0
CR-00565,2236671370,La Libertad,Nelore,H,2025-11-06,32.9,,,,TORO-07,Vendido,2026-06-30,20763.0
CR-00566,7475166603,Nispero,Nelore,H,2024-06-01,27.5,2025-02-13,171.2,CR-00717,TORO-11,Activo,,15128.0
CR-00567,1983540620,Nispero,Angus,H,2024-02-01,28.1,2024-09-29,163.2,CR-00679,TORO-03,Vendido,2025-08-31,30126.0
CR-00568,4586972560,Las Flores,Cruzado,M,2025-01-02,40.6,2025-09-06,208.9,CR-00716,TORO-08,Activo,,30849.0
CR-00569,4190733713,Miravalles,Simmental,H,2023-03-27,31.3,2023-11-16,203.0,CR-00644,TORO-10,Activo,,34737.0
CR-00570,9123878295,Nispero,Cruzado,M,2024-01-23,28.9,2024-09-01,137.2,CR-00733,TORO-06,Activo,,26547.0
CR-00571,4490575256,La Libertad,Brahman,H,2022-03-19,37.7,2022-11-24,222.3,CR-00296,TORO-12,Muerto,2024-06-18,15096.0
CR-00572,1953076633,Las Flores,Cruzado,M,2023-02-09,33.1,2023-10-25,164.6,CR-00799,TORO-06,Vendido,2024-10-07,35217.0
CR-00573,1125426589,ECOS,Angus,H,2025-12-25,34.3,,,CR-00317,TORO-06,Traslado,2026-01-25,16629.0
CR-00574,4089632161,La Libertad,Nelore,H,2023-02-04,31.4,2023-09-26,175.4,CR-00236,TORO-11,Traslado,2024-10-05,40985.0
CR-00575,6871897508,Miravalles,Nelore,M,2023-08-17,30.7,2024-05-11,152.9,,TORO-08,Muerto,2024-07-20,15680.0
CR-00576,1149218217,Las Flores,Cruzado,M,2023-05-09,31.3,2023-12-18,157.5,CR-00025,TORO-11,Activo,,30914.0
CR-00577,6316703147,ECOS,Angus,H,2024-03-04,26.5,,,CR-00305,TORO-10,Muerto,2025-11-01,41848.0
CR-00578,6873286065,ECOS,Angus,M,2025-09-13,31.6,2026-06-08,184.7,,TORO-09,Muerto,2026-06-30,32175.0
CR-00579,6454142386,Las Flores,Nelore,H,2025-12-21,33.2,,,CR-00081,TORO-03,Muerto,2026-05-22,33253.0
CR-00580,8444560820,Las Flores,Nelore,H,2022-10-16,39.4,2023-06-22,174.8,CR-00389,TORO-05,Activo,,35448.0
CR-00581,9072971188,Las Flores,Angus,H,2024-12-22,32.3,2025-08-29,120.0,CR-00788,TORO-11,Activo,,18672.0
CR-00582,1757038011,Nispero,Angus,M,2024-08-04,22.7,2025-03-02,189.3,CR-00100,TORO-08,Traslado,2025-09-30,35248.0
CR-00583,3658231228,Las Flores,Angus,M,2024-09-03,31.6,2025-04-27,224.7,CR-00577,TORO-04,Activo,,41411.0
CR-00584,4387235261,Nispero,Nelore,H,2023-02-23,43.0,2023-11-06,192.8,CR-00178,TORO-04,Activo,,44227.0
CR-00585,8723127741,La Libertad,Nelore,H,2023-11-08,35.5,2024-06-07,167.5,,TORO-10,Activo,,28292.0
CR-00586,6738298304,La Libertad,Nelore,H,2024-09-30,28.8,2025-05-23,223.6,CR-00380,TORO-03,Activo,,25335.0
CR-00587,4367656390,La Libertad,Cruzado,M,2024-04-02,34.4,,,CR-00161,TORO-02,Activo,,37599.0
CR-00588,5628005831,ECOS,Angus,H,2024-05-09,29.0,2025-01-22,189.8,CR-00153,TORO-10,Traslado,2024-11-09,31286.0
CR-00589,5825803718,Miravalles,Jersey,H,2024-08-11,26.6,,,CR-00076,TORO-04,Muerto,2026-06-30,22719.0
CR-00590,8680627659,ECOS,Cruzado,H,2025-01-05,30.6,2025-08-19,168.1,CR-00567,TORO-10,Muerto,2025-12-13,20165.0
CR-00591,9060713932,Miravalles,Angus,M,2024-10-26,32.4,2025-07-15,166.2,CR-00422,TORO-07,Activo,,20107.0
CR-00592,6151718349,ECOS,Angus,H,2023-04-13,24.5,2023-12-05,189.0,CR-00034,TORO-12,Activo,,28775.0
CR-00593,3182345677,Las Flores,Angus,H,2025-01-28,27.4,2025-09-28,194.1,CR-00756,TORO-07,Activo,,20104.0
CR-00594,7044515279,ECOS,Angus,M,2025-05-01,32.0,,,,TORO-11,Activo,,15592.0
CR-00595,8577938899,ECOS,Nelore,H,2022-11-02,30.4,2023-07-15,184.0,CR-00140,TORO-11,Activo,,16563.0
CR-00596,6886921685,La Libertad,Brahman,H,2024-04-10,33.6,2024-12-03,181.9,CR-00305,TORO-03,Vendido,2026-03-18,42897.0
CR-00597,5088861656,La Libertad,Brahman,M,2023-07-16,27.1,2024-03-29,162.7,CR-00009,TORO-12,Traslado,2024-02-08,17189.0
CR-00598,5297552862,ECOS,Nelore,H,2024-10-24,34.9,2025-05-22,161.7,CR-00564,TORO-09,Activo,,17195.0
CR-00599,3767815651,Miravalles,Cruzado,H,2023-01-13,27.3,2023-08-28,197.4,CR-00154,TORO-02,Activo,,28536.0
CR-00600,8592174564,Nispero,Angus,H,2024-10-05,38.6,2025-06-07,155.5,CR-00309,TORO-01,Activo,,22353.0
CR-00601,6503892453,Nispero,Jersey,M,2023-04-16,25.1,2024-01-02,213.0,,TORO-04,Activo,,43881.0
CR-00602,1977181670,Nispero,Nelore,H,2024-09-11,27.6,,,,TORO-01,Activo,,42330.0
CR-00603,7948975591,Las Flores,Jersey,H,2025-03-10,33.7,2025-11-02,163.3,CR-00230,TORO-05,Activo,,27142.0
CR-00604,6711662056,ECOS,Angus,M,2023-02-20,38.7,2023-10-22,179.6,CR-00128,TORO-12,Activo,,28462.0
CR-00605,9514243565,Las Flores,Simmental,H,2025-10-15,33.3,2026-06-11,179.3,,TORO-06,Activo,,26253.0
CR-00606,4904011245,Nispero,Cruzado,M,2025-10-22,34.3,2026-05-27,207.6,,TORO-01,Muerto,2026-06-30,16136.0
CR-00607,3947460079,ECOS,Brahman,M,2025-12-25,32.1,,,CR-00798,TORO-06,Activo,,23785.0
CR-00608,6712464880,Nispero,Jersey,H,2022-09-05,27.9,,,CR-00828,TORO-03,Activo,,18680.0
CR-00609,9323576821,La Libertad,Nelore,M,2025-06-20,30.0,,,CR-00472,TORO-11,Activo,,18071.0
CR-00610,3244488182,La Libertad,Nelore,M,2022-03-13,27.2,,,,TORO-02,Activo,,31826.0
CR-00611,2556950006,Nispero,Simmental,M,2023-04-18,26.9,2023-12-02,145.8,CR-00631,TORO-10,Activo,,17963.0
CR-00612,6212976120,Nispero,Simmental,H,2025-08-25,33.6,2026-04-18,146.3,,TORO-06,Vendido,2026-06-30,18088.0
CR-00613,6965777914,La Libertad,Brahman,M,2024-05-06,27.5,2024-12-06,164.4,CR-00615,TORO-01,Muerto,2026-06-30,29415.0
CR-00614,3549222399,La Libertad,Jersey,H,2024-06-25,33.3,2025-03-17,176.6,CR-00824,TORO-09,Vendido,2026-05-16,28268.0
CR-00615,9912894978,Miravalles,Simmental,H,2023-03-03,26.8,2023-10-12,196.1,CR-00383,TORO-06,Activo,,19129.0
CR-00616,8062871043,Miravalles,Jersey,H,2025-06-10,33.2,2026-02-16,163.5,CR-00600,TORO-10,Activo,,15133.0
CR-00617,3555175940,Miravalles,Nelore,H,2024-03-28,30.0,2024-11-25,207.8,CR-00382,TORO-08,Activo,,20789.0
CR-00618,7307929091,Miravalles,Simmental,M,2024-02-11,37.6,2024-10-26,203.0,CR-00535,TORO-10,Activo,,22077.0
CR-00619,6284115464,Las Flores,Nelore,M,2025-02-18,33.3,2025-09-19,179.5,CR-00784,TORO-06,Muerto,2026-03-02,39007.0
CR-00620,4460539401,Nispero,Jersey,H,2023-07-09,36.9,2024-02-18,162.8,CR-00410,TORO-01,Activo,,42463.0
CR-00621,4337182218,Nispero,Cruzado,H,2022-05-14,29.0,2023-01-18,128.7,CR-00154,TORO-02,Activo,,27178.0
CR-00622,6596128268,Nispero,Jersey,H,2024-02-06,32.2,2024-10-22,214.8,CR-00091,TORO-06,Activo,,27151.0
CR-00623,8086889997,La Libertad,Simmental,M,2025-07-07,28.1,2026-03-05,218.2,CR-00228,TORO-05,Activo,,36374.0
CR-00624,7956436493,La Libertad,Cruzado,M,2023-03-01,30.3,2023-11-25,172.0,CR-00234,TORO-10,Muerto,2025-02-03,33808.0
CR-00625,2651799059,Miravalles,Nelore,H,2023-01-06,31.0,2023-08-05,183.0,,TORO-05,Activo,,20524.0
CR-00626,5472249365,ECOS,Nelore,H,2022-02-18,29.1,2022-11-04,129.4,CR-00506,TORO-11,Activo,,18231.0
CR-00627,7237858842,Las Flores,Cruzado,M,2025-06-13,27.1,2026-02-11,170.9,CR-00367,TORO-03,Activo,,28128.0
CR-00628,1927024157,Nispero,Brahman,H,2023-12-15,26.3,2024-09-09,163.6,,TORO-05,Vendido,2024-11-13,31945.0
CR-00629,5993672224,Miravalles,Cruzado,H,2024-03-29,22.6,2024-12-20,206.7,CR-00808,TORO-10,Activo,,19161.0
CR-00630,8198833696,Nispero,Brahman,M,2025-04-14,27.8,2025-12-17,162.7,CR-00506,TORO-02,Vendido,2026-01-31,23798.0
CR-00631,9065446946,ECOS,Simmental,H,2022-03-30,34.5,,,CR-00154,TORO-04,Activo,,24178.0
CR-00632,7706693154,Las Flores,Nelore,M,2024-05-10,25.6,2024-12-18,205.8,CR-00617,TORO-10,Activo,,22839.0
CR-00633,2590955046,Miravalles,Nelore,M,2024-09-19,26.5,,,CR-00574,TORO-08,Muerto,2025-02-17,28823.0
CR-00634,1391275558,Miravalles,Nelore,M,2025-04-28,39.2,,,,TORO-10,Activo,,34592.0
CR-00635,8592295462,ECOS,Nelore,H,2023-08-29,29.5,2024-04-15,221.2,,TORO-07,Activo,,30282.0
CR-00636,5981867560,Nispero,Nelore,H,2023-11-24,33.3,2024-07-27,120.0,CR-00081,TORO-11,Activo,,21044.0
CR-00637,9288734252,ECOS,Nelore,H,2022-12-12,34.6,2023-07-28,179.4,CR-00801,TORO-11,Activo,,18088.0
CR-00638,7318019629,Nispero,Simmental,H,2024-07-25,34.7,2025-03-11,194.0,CR-00829,TORO-12,Activo,,39656.0
CR-00639,3854378540,Las Flores,Cruzado,M,2024-09-18,25.9,,,,TORO-02,Vendido,2025-11-08,29379.0
CR-00640,5340730932,Nispero,Simmental,M,2022-12-02,31.1,2023-08-05,176.0,CR-00785,TORO-08,Activo,,16864.0
CR-00641,9465349687,ECOS,Simmental,M,2023-10-15,25.5,2024-06-08,207.0,CR-00252,TORO-02,Activo,,22744.0
CR-00642,5314326077,Las Flores,Jersey,H,2025-04-20,41.8,2025-11-29,153.9,CR-00306,TORO-03,Activo,,39121.0
CR-00643,3618260543,ECOS,Jersey,H,2022-02-18,25.6,2022-10-21,176.0,CR-00030,TORO-04,Vendido,2022-08-12,37552.0
CR-00644,7028325952,Nispero,Brahman,H,2023-02-11,27.8,2023-09-28,239.3,CR-00009,TORO-08,Activo,,41274.0
CR-00645,8660184641,ECOS,Cruzado,M,2024-11-18,27.8,2025-06-28,217.0,CR-00628,TORO-06,Activo,,33063.0
CR-00646,4572460609,ECOS,Angus,M,2023-07-23,26.0,2024-04-11,180.8,CR-00792,TORO-11,Activo,,27687.0
CR-00647,2556495427,Las Flores,Angus,M,2023-04-19,37.4,2023-11-17,260.0,CR-00036,TORO-04,Activo,,27799.0
CR-00648,7327301191,Miravalles,Cruzado,M,2024-05-06,41.7,,,CR-00628,TORO-08,Traslado,2026-03-14,20820.0
CR-00649,4284274249,La Libertad,Brahman,M,2022-04-13,30.1,2022-12-07,164.9,,TORO-10,Activo,,34524.0
CR-00650,1110724172,ECOS,Jersey,H,2024-10-20,26.7,2025-07-09,196.0,CR-00754,TORO-12,Activo,,32552.0
CR-00651,1522976335,ECOS,Cruzado,H,2024-08-12,23.1,2025-03-12,124.1,CR-00154,TORO-03,Activo,,19646.0
CR-00652,8207957584,Nispero,Jersey,M,2024-11-17,31.0,,,CR-00564,TORO-09,Vendido,2026-01-11,41570.0
CR-00653,4612200017,La Libertad,Cruzado,M,2022-04-21,30.7,2022-12-20,192.1,CR-00030,TORO-02,Activo,,26054.0
CR-00654,1589773905,La Libertad,Jersey,H,2025-06-22,29.4,2026-02-19,184.4,CR-00241,TORO-07,Activo,,16492.0
CR-00655,9323275863,Miravalles,Brahman,M,2022-02-14,32.9,,,,TORO-05,Activo,,24836.0
CR-00656,4960798295,Nispero,Jersey,M,2024-12-21,33.6,2025-09-01,199.5,CR-00798,TORO-12,Muerto,2026-06-30,41096.0
CR-00657,8054416984,ECOS,Brahman,H,2023-07-06,33.3,2024-03-20,215.4,CR-00285,TORO-10,Muerto,2025-04-07,42509.0
CR-00658,9269143128,ECOS,Angus,H,2024-07-21,30.7,2025-03-06,199.6,CR-00795,TORO-12,Activo,,29712.0
CR-00659,1036068442,ECOS,Brahman,H,2022-05-31,27.6,2023-01-28,120.0,CR-00274,TORO-11,Traslado,2022-08-19,43690.0
CR-00660,7188985442,ECOS,Nelore,M,2022-04-09,34.7,2022-11-14,167.7,CR-00154,TORO-05,Traslado,2023-12-31,41257.0
CR-00661,1515087461,Miravalles,Cruzado,H,2024-12-13,32.1,2025-07-22,191.1,CR-00180,TORO-09,Activo,,39757.0
CR-00662,7542951528,Nispero,Angus,M,2022-06-28,35.6,2023-01-28,158.1,CR-00792,TORO-01,Activo,,40791.0
CR-00663,6672543338,Miravalles,Cruzado,M,2023-09-04,35.2,2024-05-19,187.0,CR-00643,TORO-07,Activo,,26456.0
CR-00664,5776926315,Las Flores,Simmental,H,2024-01-14,26.3,2024-10-07,145.3,CR-00267,TORO-01,Activo,,37694.0
CR-00665,1440673388,Las Flores,Simmental,H,2025-04-11,26.3,2026-01-04,176.8,CR-00438,TORO-09,Activo,,32320.0
CR-00666,4990727789,Las Flores,Jersey,M,2022-10-21,29.0,2023-07-08,140.8,CR-00495,TORO-12,Activo,,36591.0
CR-00667,3976621678,Miravalles,Nelore,H,2025-02-02,27.8,2025-09-08,146.0,CR-00359,TORO-09,Traslado,2025-06-28,20334.0
CR-00668,4002739824,ECOS,Nelore,M,2024-02-07,35.0,2024-10-21,173.5,,TORO-11,Activo,,36942.0
CR-00669,8421977714,ECOS,Jersey,M,2025-10-23,33.4,,,CR-00175,TORO-03,Vendido,2026-06-30,43728.0
CR-00670,2274362997,Las Flores,Simmental,M,2024-04-23,36.4,2024-12-08,171.2,,TORO-12,Activo,,24080.0
CR-00671,9075719797,Nispero,Simmental,H,2024-04-10,33.6,2024-12-02,146.4,CR-00717,TORO-07,Activo,,44585.0
CR-00672,9821843064,Las Flores,Angus,H,2024-07-25,32.8,2025-03-27,150.7,CR-00596,TORO-09,Muerto,2026-06-30,26351.0
CR-00673,3081524857,La Libertad,Angus,M,2024-03-12,36.8,2024-11-21,176.2,CR-00719,TORO-10,Activo,,20992.0
CR-00674,7171690109,Las Flores,Angus,M,2025-01-16,33.9,2025-09-09,162.0,CR-00201,TORO-08,Activo,,18369.0
CR-00675,9129950847,Nispero,Angus,M,2022-01-02,32.3,2022-09-16,188.2,,TORO-04,Activo,,38549.0
CR-00676,8875044480,Nispero,Angus,M,2023-01-29,37.9,2023-08-30,200.6,CR-00034,TORO-08,Vendido,2023-04-11,31645.0
CR-00677,8526206591,La Libertad,Cruzado,M,2022-02-27,32.5,2022-10-13,138.0,CR-00550,TORO-08,Activo,,24214.0
CR-00678,4362919559,Nispero,Brahman,M,2025-09-12,30.8,2026-06-08,180.6,,TORO-11,Activo,,33254.0
CR-00679,4338300554,Las Flores,Simmental,H,2023-04-19,28.6,2023-11-25,179.6,CR-00479,TORO-06,Activo,,24963.0
CR-00680,7702859403,Las Flores,Jersey,M,2024-01-27,34.8,2024-08-24,195.8,,TORO-07,Activo,,28451.0
CR-00681,7283707530,La Libertad,Cruzado,M,2025-01-06,36.9,2025-08-29,160.8,CR-00822,TORO-07,Activo,,40880.0
CR-00682,1744569999,La Libertad,Nelore,H,2025-06-24,31.8,2026-02-06,148.4,CR-00761,TORO-02,Activo,,35045.0
CR-00683,2104821391,Las Flores,Brahman,M,2022-11-03,37.2,2023-07-25,194.4,CR-00302,TORO-02,Activo,,37872.0
CR-00684,1480437393,Nispero,Jersey,M,2024-05-03,24.1,2024-12-24,191.6,,TORO-01,Activo,,32505.0
CR-00685,1930626709,Nispero,Brahman,M,2025-01-24,31.8,2025-10-04,173.2,CR-00390,TORO-08,Vendido,2025-09-19,44742.0
CR-00686,1048868507,Las Flores,Cruzado,M,2022-03-25,31.8,2022-12-14,172.8,,TORO-06,Vendido,2022-08-08,22242.0
CR-00687,3955250845,Nispero,Cruzado,M,2024-07-01,29.1,2025-03-11,172.2,CR-00041,TORO-11,Activo,,22869.0
CR-00688,3071925918,La Libertad,Angus,H,2023-03-10,41.5,2023-11-24,144.6,CR-00456,TORO-09,Activo,,17777.0
CR-00689,5096060581,Nispero,Cruzado,M,2024-12-24,31.7,2025-07-27,185.4,,TORO-02,Activo,,31621.0
CR-00690,8637044398,La Libertad,Angus,H,2024-10-06,30.4,,,CR-00074,TORO-02,Traslado,2025-12-27,33401.0
CR-00691,8718149297,La Libertad,Angus,H,2023-05-06,32.1,2024-01-03,170.0,CR-00731,TORO-05,Activo,,36779.0
CR-00692,7647223478,Miravalles,Cruzado,M,2022-12-14,24.0,2023-08-12,201.4,,TORO-12,Activo,,25063.0
CR-00693,3303685815,ECOS,Jersey,M,2022-04-29,29.0,2023-01-22,170.0,,TORO-01,Activo,,15368.0
CR-00694,4046108349,La Libertad,Angus,M,2022-02-21,35.9,2022-10-16,130.5,CR-00626,TORO-03,Activo,,33967.0
CR-00695,6318239423,ECOS,Jersey,M,2024-12-09,29.5,2025-09-01,167.8,CR-00067,TORO-01,Activo,,44961.0
CR-00696,8171353794,Nispero,Jersey,H,2023-12-17,28.7,2024-08-23,157.7,CR-00391,TORO-05,Activo,,23836.0
CR-00697,4253824707,ECOS,Cruzado,H,2022-04-25,37.2,2022-12-02,153.0,CR-00059,TORO-12,Vendido,2024-08-25,20518.0
CR-00698,7276312261,ECOS,Brahman,M,2024-08-05,37.4,,,CR-00071,TORO-09,Activo,,23453.0
CR-00699,2114827973,ECOS,Angus,M,2024-03-04,34.1,2024-10-31,209.1,CR-00170,TORO-06,Vendido,2025-07-27,27762.0
CR-00700,9746437834,ECOS,Cruzado,M,2024-08-22,30.2,,,,TORO-02,Vendido,2024-10-20,22527.0
CR-00701,2209302219,Miravalles,Jersey,H,2025-09-09,31.0,2026-04-19,233.8,CR-00443,TORO-05,Activo,,25409.0
CR-00702,3066904269,ECOS,Cruzado,H,2023-09-17,28.8,2024-04-16,183.4,CR-00722,TORO-07,Muerto,2024-04-20,34146.0
CR-00703,1813966542,Nispero,Nelore,M,2025-07-27,28.0,,,CR-00756,TORO-04,Vendido,2026-06-30,25351.0
CR-00704,7283087055,La Libertad,Angus,M,2022-09-15,27.8,2023-05-30,147.7,CR-00550,TORO-09,Vendido,2024-09-07,26882.0
CR-00705,3282980559,Miravalles,Jersey,M,2024-07-22,29.5,2025-04-07,125.5,CR-00071,TORO-12,Vendido,2025-02-11,16201.0
CR-00706,8005451473,Miravalles,Angus,M,2025-10-27,27.9,2026-06-27,222.0,CR-00209,TORO-03,Activo,,42538.0
CR-00707,4704184019,ECOS,Nelore,M,2025-03-07,25.7,2025-11-15,180.5,,TORO-04,Activo,,27207.0
CR-00708,1065830106,Miravalles,Jersey,M,2024-06-25,32.9,2025-02-21,255.6,CR-00314,TORO-02,Activo,,24844.0
CR-00709,4726234844,La Libertad,Simmental,M,2024-06-01,32.9,2025-02-12,176.8,CR-00747,TORO-09,Activo,,17595.0
CR-00710,8480014049,ECOS,Angus,M,2023-07-14,38.8,2024-03-15,214.6,CR-00091,TORO-06,Activo,,34025.0
CR-00711,9265977059,Las Flores,Brahman,M,2024-02-22,29.3,2024-10-05,242.1,CR-00049,TORO-04,Activo,,40915.0
CR-00712,9025095396,Miravalles,Nelore,H,2024-04-28,33.2,2025-01-06,224.6,CR-00339,TORO-03,Activo,,16235.0
CR-00713,1426366180,Nispero,Jersey,H,2025-12-15,33.3,,,CR-00104,TORO-01,Traslado,2026-06-30,19358.0
CR-00714,6978821862,ECOS,Nelore,M,2024-02-08,31.0,2024-10-17,188.2,CR-00621,TORO-06,Vendido,2025-07-29,19392.0
CR-00715,5300895466,Miravalles,Cruzado,M,2022-08-20,35.0,2023-04-09,208.3,CR-00438,TORO-09,Activo,,33068.0
CR-00716,3712083692,Miravalles,Angus,H,2024-08-31,35.1,2025-05-15,185.4,,TORO-03,Activo,,42637.0
CR-00717,4077342446,Miravalles,Cruzado,H,2022-06-23,33.3,,,,TORO-01,Activo,,28133.0
CR-00718,9348062959,Miravalles,Cruzado,M,2023-01-13,31.0,2023-09-14,219.9,CR-00025,TORO-06,Muerto,2024-02-09,25314.0
CR-00719,1190332147,Miravalles,Simmental,H,2023-01-13,30.6,2023-10-03,226.9,,TORO-09,Vendido,2023-06-23,37975.0
CR-00720,8404854519,Las Flores,Cruzado,M,2024-04-10,26.5,2024-12-03,243.5,CR-00497,TORO-05,Activo,,37277.0
CR-00721,6430820088,ECOS,Simmental,M,2022-02-07,28.8,2022-09-23,157.7,CR-00211,TORO-04,Activo,,22403.0
CR-00722,7098586872,La Libertad,Nelore,H,2022-02-04,29.5,2022-10-05,177.4,CR-00296,TORO-02,Activo,,19825.0
CR-00723,9122985722,Nispero,Cruzado,H,2022-02-28,27.5,2022-11-20,142.0,CR-00643,TORO-09,Vendido,2024-07-05,25734.0
CR-00724,4742266619,Las Flores,Jersey,H,2025-03-11,33.8,2025-11-11,169.2,CR-00448,TORO-11,Traslado,2025-03-30,38268.0
CR-00725,2062053119,La Libertad,Jersey,M,2024-11-02,36.8,2025-07-04,172.0,CR-00136,TORO-10,Activo,,35852.0
CR-00726,2097295105,Miravalles,Angus,H,2022-08-22,28.4,2023-05-12,234.2,,TORO-07,Activo,,34976.0
CR-00727,5286315777,Nispero,Cruzado,M,2022-01-12,33.1,2022-09-05,169.1,CR-00034,TORO-09,Activo,,39883.0
CR-00728,6364382979,Nispero,Brahman,H,2024-08-18,27.9,,,CR-00585,TORO-05,Activo,,23314.0
CR-00729,4915873540,La Libertad,Simmental,M,2023-02-19,30.8,2023-11-08,198.4,CR-00497,TORO-01,Traslado,2025-06-14,25191.0
CR-00730,3115874051,ECOS,Simmental,M,2024-06-03,29.2,2025-01-11,155.6,CR-00236,TORO-05,Vendido,2024-10-02,16270.0
CR-00731,5532696326,Las Flores,Nelore,H,2023-01-14,34.4,2023-09-13,162.6,CR-00722,TORO-09,Activo,,41062.0
CR-00732,6261749507,La Libertad,Jersey,H,2025-02-02,29.3,2025-10-15,222.6,,TORO-08,Activo,,32473.0
CR-00733,5565634314,Las Flores,Jersey,H,2023-02-18,36.0,2023-09-16,135.7,CR-00306,TORO-12,Activo,,23944.0
CR-00734,5614653201,Nispero,Brahman,M,2024-06-07,31.0,2025-02-14,133.5,CR-00410,TORO-12,Activo,,17082.0
CR-00735,9289514775,Miravalles,Angus,M,2022-06-19,29.4,2023-02-21,207.9,CR-00201,TORO-03,Activo,,36702.0
CR-00736,6278006557,Nispero,Angus,H,2025-05-09,27.0,2026-01-23,157.1,CR-00561,TORO-01,Vendido,2026-06-30,37462.0
CR-00737,7095586594,La Libertad,Jersey,H,2025-08-15,33.0,,,CR-00042,TORO-04,Vendido,2026-06-30,34985.0
CR-00738,1944817443,Las Flores,Simmental,M,2024-09-20,35.6,2025-05-16,203.9,CR-00515,TORO-11,Activo,,21113.0
CR-00739,3095670564,ECOS,Cruzado,H,2024-09-23,33.1,2025-05-07,164.2,,TORO-10,Vendido,2025-01-04,42396.0
CR-00740,1336713005,Las Flores,Cruzado,H,2022-07-31,41.0,,,CR-00140,TORO-02,Vendido,2022-08-20,37595.0
CR-00741,7266883375,ECOS,Cruzado,M,2025-07-19,37.7,2026-04-07,157.7,CR-00369,TORO-02,Activo,,34733.0
CR-00742,2330050352,Miravalles,Brahman,H,2024-06-28,30.8,2025-03-21,165.7,CR-00025,TORO-07,Vendido,2025-01-24,34528.0
CR-00743,9978220335,La Libertad,Brahman,H,2023-03-28,30.7,2023-10-26,194.9,CR-00626,TORO-08,Activo,,42131.0
CR-00744,2257915698,Nispero,Nelore,H,2024-06-27,33.9,,,CR-00306,TORO-12,Muerto,2026-04-14,42849.0
CR-00745,5635514163,Las Flores,Nelore,H,2024-01-04,28.6,2024-09-28,147.1,CR-00688,TORO-10,Activo,,32869.0
CR-00746,7567171378,La Libertad,Cruzado,M,2025-12-19,36.7,,,CR-00161,TORO-03,Activo,,27500.0
CR-00747,3458684723,Nispero,Brahman,H,2024-05-15,33.4,2025-01-19,192.5,,TORO-01,Activo,,25912.0
CR-00748,3531104054,Nispero,Nelore,H,2024-10-03,33.0,2025-05-16,174.4,CR-00742,TORO-08,Activo,,39572.0
CR-00749,4671477560,Las Flores,Angus,H,2024-12-16,34.7,2025-07-27,129.8,CR-00436,TORO-07,Activo,,34338.0
CR-00750,1995665208,Nispero,Angus,H,2023-07-01,38.9,2024-02-16,175.4,CR-00456,TORO-12,Vendido,2024-12-10,17318.0
CR-00751,4713144123,La Libertad,Angus,M,2023-11-11,32.7,2024-07-22,120.0,CR-00011,TORO-07,Activo,,19266.0
CR-00752,2257772352,ECOS,Angus,M,2022-06-24,31.5,2023-03-18,130.9,CR-00140,TORO-07,Activo,,42006.0
CR-00753,9560751940,Miravalles,Simmental,M,2024-02-18,38.0,2024-11-01,240.7,,TORO-04,Traslado,2026-06-18,41535.0
CR-00754,6173847366,Nispero,Nelore,H,2023-01-10,35.9,2023-09-19,158.8,CR-00272,TORO-02,Activo,,43555.0
CR-00755,8501126984,Las Flores,Nelore,H,2023-02-19,30.7,2023-09-18,203.1,CR-00305,TORO-11,Activo,,27836.0
CR-00756,7968892745,ECOS,Nelore,H,2023-12-11,32.0,2024-08-25,195.9,CR-00025,TORO-10,Activo,,38522.0
CR-00757,7458752328,Nispero,Cruzado,M,2022-06-23,32.8,2023-01-24,170.7,CR-00359,TORO-02,Activo,,39847.0
CR-00758,9440438094,La Libertad,Jersey,H,2024-04-26,33.4,2024-11-24,195.0,CR-00267,TORO-09,Activo,,24471.0
CR-00759,3045148496,Nispero,Simmental,M,2023-06-12,26.6,2024-01-23,213.3,CR-00691,TORO-05,Vendido,2024-03-14,19360.0
CR-00760,9431318354,ECOS,Simmental,M,2022-04-04,25.8,2022-12-09,179.3,,TORO-06,Activo,,44911.0
CR-00761,7996088147,Las Flores,Cruzado,H,2024-11-14,28.5,2025-07-17,168.1,CR-00334,TORO-11,Activo,,15907.0
CR-00762,1855442778,ECOS,Cruzado,M,2023-12-31,28.1,,,CR-00717,TORO-11,Activo,,32920.0
CR-00763,5703685979,Nispero,Brahman,M,2023-01-31,29.4,2023-09-29,195.3,CR-00129,TORO-03,Muerto,2024-07-28,34506.0
CR-00764,2783838044,Las Flores,Jersey,M,2023-09-20,34.5,2024-04-30,133.8,CR-00621,TORO-04,Activo,,35454.0
CR-00765,7603781476,Las Flores,Brahman,M,2025-05-03,31.3,2026-01-06,222.8,CR-00726,TORO-10,Vendido,2026-06-30,22669.0
CR-00766,3502679912,La Libertad,Nelore,M,2023-01-18,32.8,2023-08-29,171.5,CR-00740,TORO-12,Activo,,36647.0
CR-00767,9038090091,La Libertad,Simmental,H,2024-12-03,27.1,2025-07-12,224.8,CR-00142,TORO-01,Activo,,21492.0
CR-00768,9244106606,Miravalles,Nelore,H,2025-01-23,30.2,2025-09-04,221.8,CR-00550,TORO-11,Activo,,39871.0
CR-00769,4049700720,ECOS,Angus,M,2024-03-16,34.3,2024-11-14,227.4,CR-00526,TORO-06,Activo,,21574.0
CR-00770,8436627317,Nispero,Jersey,M,2023-01-10,34.4,2023-10-06,226.9,CR-00334,TORO-08,Activo,,35901.0
CR-00771,4429191034,ECOS,Brahman,M,2024-06-21,29.1,2025-02-28,194.7,CR-00620,TORO-01,Vendido,2026-03-19,38502.0
CR-00772,8208674682,ECOS,Angus,M,2024-08-07,32.6,,,,TORO-09,Activo,,20668.0
CR-00773,5429378940,Nispero,Jersey,H,2023-04-28,40.8,2024-01-04,149.4,CR-00389,TORO-09,Activo,,22140.0
CR-00774,5226002301,Las Flores,Cruzado,M,2024-01-27,31.9,2024-10-01,184.4,CR-00535,TORO-08,Activo,,38373.0
CR-00775,2382516091,Miravalles,Brahman,M,2023-02-12,29.2,2023-11-07,205.3,CR-00263,TORO-10,Activo,,17580.0
CR-00776,7077750658,La Libertad,Cruzado,M,2022-12-07,31.3,,,CR-00472,TORO-12,Activo,,20723.0
CR-00777,6876299139,La Libertad,Jersey,M,2023-10-22,32.4,2024-07-04,157.7,CR-00801,TORO-11,Activo,,28666.0
CR-00778,5794500484,La Libertad,Brahman,M,2022-12-08,31.4,2023-08-15,134.7,CR-00697,TORO-09,Activo,,42905.0
CR-00779,8807415685,ECOS,Nelore,M,2023-07-13,31.9,2024-03-04,164.8,CR-00296,TORO-12,Activo,,31856.0
CR-00780,6053404549,Miravalles,Nelore,H,2024-07-18,26.2,2025-02-15,220.8,CR-00339,TORO-09,Activo,,26630.0
CR-00781,2039410572,Miravalles,Brahman,H,2025-10-14,28.1,2026-05-18,218.0,,TORO-09,Activo,,44351.0
CR-00782,7684233100,ECOS,Angus,H,2022-08-14,31.4,2023-04-28,216.5,,TORO-07,Activo,,28911.0
CR-00783,7071377292,Las Flores,Angus,M,2024-06-08,31.3,2025-01-16,185.8,CR-00813,TORO-10,Activo,,28012.0
CR-00784,5015406480,Miravalles,Angus,H,2024-04-16,29.7,,,CR-00224,TORO-01,Muerto,2024-09-08,27349.0
CR-00785,7654883216,Las Flores,Nelore,H,2022-06-27,31.3,2023-03-19,129.4,CR-00506,TORO-07,Activo,,24365.0
CR-00786,1368522642,Miravalles,Nelore,M,2023-01-24,32.2,2023-10-01,212.4,,TORO-06,Vendido,2023-10-28,24771.0
CR-00787,2134237075,Miravalles,Angus,M,2022-03-12,35.6,2022-10-28,182.5,CR-00154,TORO-11,Activo,,35635.0
CR-00788,6851125140,Las Flores,Angus,H,2022-09-27,31.6,2023-06-10,214.5,CR-00608,TORO-01,Activo,,16225.0
CR-00789,3902431124,ECOS,Angus,M,2023-11-13,33.6,2024-07-20,156.8,CR-00584,TORO-08,Activo,,35455.0
CR-00790,3997847449,Nispero,Cruzado,M,2023-02-07,29.8,2023-09-14,197.4,CR-00140,TORO-03,Activo,,21036.0
CR-00791,5713776538,Nispero,Angus,H,2024-02-05,34.3,2024-10-29,193.4,CR-00792,TORO-11,Vendido,2025-07-10,26526.0
CR-00792,7015626656,Las Flores,Jersey,H,2022-02-01,33.5,2022-09-05,186.4,CR-00359,TORO-11,Muerto,2022-11-14,19396.0
CR-00793,3230556066,Las Flores,Simmental,H,2022-10-16,35.5,,,CR-00410,TORO-03,Activo,,31583.0
CR-00794,9340884899,Las Flores,Cruzado,H,2022-04-24,34.9,2022-11-29,196.2,CR-00571,TORO-11,Vendido,2024-08-01,36881.0
CR-00795,8490338212,ECOS,Simmental,H,2024-04-29,34.4,2024-12-04,205.3,,TORO-06,Activo,,25640.0
CR-00796,9397208994,Nispero,Angus,H,2023-01-05,31.6,2023-09-09,133.5,CR-00128,TORO-12,Activo,,19902.0
CR-00797,1982295970,La Libertad,Simmental,M,2024-12-21,33.0,2025-07-19,162.8,CR-00792,TORO-09,Vendido,2026-06-30,21795.0
CR-00798,2294847396,ECOS,Angus,H,2023-06-08,36.3,2024-01-10,202.7,CR-00387,TORO-01,Activo,,39543.0
CR-00799,5556969384,Nispero,Brahman,H,2022-10-19,29.4,2023-07-10,185.9,CR-00608,TORO-03,Activo,,23029.0
CR-00800,8644679586,Miravalles,Angus,H,2025-09-16,29.5,2026-05-01,241.0,CR-00559,TORO-05,Traslado,2025-11-17,38241.0
CR-00801,4118435751,ECOS,Angus,H,2022-02-21,32.7,2022-10-18,206.5,CR-00296,TORO-03,Traslado,2023-01-21,24936.0
CR-00802,5318770604,Las Flores,Brahman,M,2022-10-20,33.7,2023-05-27,196.7,CR-00136,TORO-02,Activo,,20662.0
CR-00803,5489352626,Nispero,Brahman,M,2022-07-20,28.7,2023-02-22,156.0,CR-00808,TORO-12,Activo,,36819.0
CR-00804,2502756279,ECOS,Jersey,M,2025-08-09,31.7,,,CR-00381,TORO-11,Muerto,2025-12-20,29056.0
CR-00805,5130241979,Las Flores,Simmental,M,2024-03-14,31.6,2024-11-20,167.8,CR-00535,TORO-06,Activo,,15938.0
CR-00806,6202154942,Las Flores,Nelore,M,2024-11-05,23.1,2025-07-13,151.4,,TORO-03,Activo,,43798.0
CR-00807,3932428223,ECOS,Jersey,H,2025-12-07,31.1,,,CR-00026,TORO-03,Activo,,19433.0
CR-00808,7963486144,ECOS,Angus,H,2022-05-29,31.4,,,CR-00149,TORO-11,Muerto,2022-07-17,25602.0
CR-00809,2379558849,ECOS,Nelore,M,2025-02-03,31.4,2025-10-28,147.4,CR-00313,TORO-04,Muerto,2026-02-21,26544.0
CR-00810,9424392130,La Libertad,Jersey,M,2022-11-06,37.7,2023-07-30,225.9,,TORO-01,Vendido,2024-05-12,29683.0
CR-00811,6386294724,Miravalles,Simmental,H,2024-11-20,27.1,2025-08-09,213.9,CR-00731,TORO-05,Activo,,38563.0
CR-00812,3858720709,ECOS,Nelore,H,2023-07-04,28.7,2024-02-28,153.9,,TORO-06,Activo,,15183.0
CR-00813,3168735175,Nispero,Angus,H,2023-07-31,22.0,2024-04-06,193.5,CR-00149,TORO-08,Activo,,42974.0
CR-00814,1066260427,Nispero,Brahman,M,2025-03-23,30.1,2025-12-05,145.3,CR-00193,TORO-05,Muerto,2026-02-26,34380.0
CR-00815,1850200012,Nispero,Brahman,M,2022-01-25,30.4,2022-10-18,139.1,CR-00506,TORO-12,Activo,,43519.0
CR-00816,3525502925,Nispero,Brahman,H,2025-12-11,30.0,,,CR-00453,TORO-08,Activo,,39522.0
CR-00817,9801252811,ECOS,Cruzado,M,2023-06-26,36.4,,,CR-00824,TORO-12,Vendido,2024-09-27,42835.0
CR-00818,5631664079,Las Flores,Simmental,M,2024-04-10,35.4,2024-11-14,167.9,,TORO-05,Activo,,33030.0
CR-00819,2558150617,Nispero,Nelore,M,2025-09-11,32.3,2026-05-23,206.0,,TORO-08,Muerto,2026-06-30,25719.0
CR-00820,1011097562,Nispero,Cruzado,M,2022-01-10,30.5,2022-08-23,195.7,CR-00034,TORO-05,Activo,,28287.0
CR-00821,9959180253,Nispero,Brahman,M,2025-01-30,36.1,2025-08-28,155.9,CR-00589,TORO-09,Vendido,2026-06-30,34741.0
CR-00822,6087124958,Miravalles,Angus,H,2024-03-29,31.9,2024-10-27,207.5,CR-00456,TORO-09,Activo,,27808.0
CR-00823,3130703839,La Libertad,Nelore,M,2024-06-13,28.7,2025-01-25,214.4,CR-00825,TORO-04,Activo,,36950.0
CR-00824,9181583329,Las Flores,Jersey,H,2022-05-14,25.1,2023-02-05,220.1,CR-00571,TORO-12,Activo,,17755.0
CR-00825,3174750178,Nispero,Simmental,H,2024-03-09,30.2,2024-10-18,123.2,CR-00793,TORO-11,Activo,,39900.0
CR-00826,5824612323,Miravalles,Jersey,M,2024-05-08,35.0,2024-12-29,135.2,CR-00832,TORO-11,Activo,,21126.0
CR-00827,6141093865,Miravalles,Angus,M,2024-05-02,41.1,2025-01-07,204.7,CR-00822,TORO-03,Activo,,43318.0
CR-00828,9381126121,ECOS,Jersey,H,2022-07-11,32.2,2023-02-25,155.0,CR-00201,TORO-09,Activo,,19666.0
CR-00829,7501234155,Miravalles,Brahman,H,2023-07-25,28.9,2024-03-21,224.3,CR-00091,TORO-02,Vendido,2023-08-31,18875.0
CR-00830,6670106601,La Libertad,Angus,M,2025-11-19,27.3,,,CR-00793,TORO-02,Activo,,39356.0
CR-00831,4882763756,ECOS,Simmental,M,2022-10-22,34.2,2023-06-07,187.6,CR-00291,TORO-12,Vendido,2024-08-24,39561.0
CR-00832,8923422701,La Libertad,Brahman,H,2024-04-16,24.9,,,CR-00794,TORO-02,Vendido,2024-05-22,37163.0
CR-00833,2263056373,ECOS,Jersey,M,2025-11-26,34.2,,,CR-00549,TORO-11,Activo,,43816.0
CR-00834,2008633338,ECOS,Jersey,M,2022-07-10,35.3,2023-03-29,217.5,,TORO-06,Vendido,2023-09-26,23116.0
CR-00835,2096492541,ECOS,Simmental,M,2022-03-10,33.7,2022-11-14,159.4,,TORO-04,Activo,,39799.0
